ID;Numero;Check in;Check-out;Notti;Camere;Ospiti;Ospiti minorenni;Ospiti maggiorenni;Ospiti esenti;Cittadinanza;Canale;Codice OTA;Stato;Addebiti;Addebito soggiorno;Addebito tassa di soggiorno;Altri addebiti;Commissioni;Commissioni trattenute;Proprietario;Quota Proprietario;Quota PM
A001;KB00001;01/06/2026;06/06/2026;5;1;2;1;1;1;NL;Airbnb;AI-980123;Confermata;565,00;475,00;10,00;80,00;83,25;Sì;Pianeta Casa Srl;;
A001;KB00002;09/06/2026;11/06/2026;2;1;2;0;2;0;US;Airbnb;AI-763241;Confermata;270,00;190,00;10,00;70,00;39,00;Sì;Pianeta Casa Srl;;
A001;KB00003;13/06/2026;16/06/2026;3;1;2;2;0;2;GB;Airbnb;AI-919495;Confermata;345,00;285,00;0,00;60,00;51,75;Sì;Pianeta Casa Srl;;
A001;KB00004;16/06/2026;19/06/2026;3;1;2;0;2;0;DE;Booking.com;BO-414299;Confermata;360,00;285,00;15,00;60,00;62,10;Sì;Pianeta Casa Srl;;
A001;KB00005;20/06/2026;25/06/2026;5;1;2;1;1;1;ES;Airbnb;AI-882663;Confermata;555,00;475,00;10,00;70,00;81,75;Sì;Pianeta Casa Srl;;
A001;KB00006;26/06/2026;29/06/2026;3;1;2;0;2;0;ES;Diretto;DI-441594;Confermata;300,00;285,00;15,00;0,00;0,00;No;Pianeta Casa Srl;;
A001;KB00007;29/06/2026;01/07/2026;2;1;2;1;1;1;GB;Airbnb;AI-295291;Confermata;265,00;190,00;5,00;70,00;39,00;Sì;Pianeta Casa Srl;;
A001;KB00008;02/07/2026;07/07/2026;5;1;1;0;1;0;NL;Diretto;DI-290035;Confermata;673,75;593,75;10,00;70,00;0,00;No;Pianeta Casa Srl;;
A001;KB00009;08/07/2026;12/07/2026;4;1;1;0;1;0;IT;Airbnb;AI-836692;Confermata;540,00;475,00;10,00;55,00;79,50;Sì;Pianeta Casa Srl;;
A001;KB00010;12/07/2026;19/07/2026;7;1;1;0;1;0;NL;Booking.com;BO-125811;Annullata;911,25;831,25;10,00;70,00;162,23;Sì;Pianeta Casa Srl;;
A001;KB00011;19/07/2026;21/07/2026;2;1;1;0;1;0;US;Booking.com;BO-146289;Confermata;312,50;237,50;5,00;70,00;55,35;Sì;Pianeta Casa Srl;;
A001;KB00012;23/07/2026;28/07/2026;5;1;2;2;0;2;CH;Booking.com;BO-702013;Confermata;593,75;593,75;0,00;0,00;106,88;Sì;Pianeta Casa Srl;;
A001;KB00013;30/07/2026;02/08/2026;3;1;1;0;1;0;ES;Airbnb;AI-918365;Confermata;433,75;356,25;7,50;70,00;63,94;Sì;Pianeta Casa Srl;;
A001;KB00014;05/08/2026;08/08/2026;3;1;1;0;1;0;NL;Booking.com;BO-992599;Confermata;337,50;285,00;7,50;45,00;59,40;Sì;Pianeta Casa Srl;;
A001;KB00015;11/08/2026;14/08/2026;3;1;2;0;2;0;NL;Airbnb;AI-973890;Confermata;370,00;285,00;15,00;70,00;53,25;Sì;Pianeta Casa Srl;;
A001;KB00016;15/08/2026;18/08/2026;3;1;2;1;1;1;ES;Diretto;DI-255753;Confermata;347,50;285,00;7,50;55,00;0,00;No;Pianeta Casa Srl;;
A001;KB00017;19/08/2026;23/08/2026;4;1;2;0;2;0;CH;Booking.com;BO-564062;Confermata;400,00;380,00;20,00;0,00;68,40;Sì;Pianeta Casa Srl;;
A001;KB00018;23/08/2026;28/08/2026;5;1;2;0;2;0;FR;Airbnb;AI-908841;Confermata;575,00;475,00;20,00;80,00;83,25;Sì;Pianeta Casa Srl;;
A002;KB00019;01/06/2026;03/06/2026;2;1;1;0;1;0;CH;Airbnb;AI-982900;Confermata;425,00;350,00;5,00;70,00;63,00;Sì;Pianeta Casa Srl;;
A002;KB00020;04/06/2026;06/06/2026;2;1;1;0;1;0;ES;Booking.com;BO-871408;Confermata;415,00;350,00;5,00;60,00;73,80;Sì;Pianeta Casa Srl;;
A002;KB00021;06/06/2026;11/06/2026;5;1;2;2;0;2;NL;Airbnb;AI-507113;Confermata;930,00;875,00;0,00;55,00;139,50;Sì;Pianeta Casa Srl;;
A002;KB00022;12/06/2026;15/06/2026;3;1;1;0;1;0;DE;Booking.com;BO-311637;Confermata;612,50;525,00;7,50;80,00;108,90;Sì;Pianeta Casa Srl;;
A002;KB00023;15/06/2026;18/06/2026;3;1;2;1;1;1;FR;Airbnb;AI-389553;Confermata;612,50;525,00;7,50;80,00;90,75;Sì;Pianeta Casa Srl;;
A002;KB00024;18/06/2026;21/06/2026;3;1;2;0;2;0;FR;Booking.com;BO-945703;Confermata;585,00;525,00;15,00;45,00;102,60;Sì;Pianeta Casa Srl;;
A002;KB00025;22/06/2026;26/06/2026;4;1;1;0;1;0;IT;Booking.com;BO-687360;Confermata;765,00;700,00;10,00;55,00;135,90;Sì;Pianeta Casa Srl;;
A002;KB00026;29/06/2026;02/07/2026;3;1;1;0;1;0;ES;Airbnb;AI-443898;Annullata;577,50;525,00;7,50;45,00;85,50;Sì;Pianeta Casa Srl;;
A002;KB00027;02/07/2026;09/07/2026;7;1;2;0;2;0;FR;Airbnb;AI-490152;Confermata;1606,25;1531,25;20,00;55,00;237,94;Sì;Pianeta Casa Srl;;
A002;KB00028;09/07/2026;13/07/2026;4;1;2;0;2;0;FR;Airbnb;AI-239949;Annullata;895,00;875,00;20,00;0,00;131,25;Sì;Pianeta Casa Srl;;
A002;KB00029;16/07/2026;20/07/2026;4;1;2;0;2;0;NL;Airbnb;AI-681846;Annullata;965,00;875,00;20,00;70,00;141,75;Sì;Pianeta Casa Srl;;
A002;KB00030;21/07/2026;25/07/2026;4;1;2;0;2;0;NL;Booking.com;BO-248506;Confermata;965,00;875,00;20,00;70,00;170,10;Sì;Pianeta Casa Srl;;
A002;KB00031;26/07/2026;30/07/2026;4;1;2;0;2;0;GB;Booking.com;BO-414702;Confermata;895,00;875,00;20,00;0,00;157,50;Sì;Pianeta Casa Srl;;
A002;KB00032;31/07/2026;04/08/2026;4;1;1;0;1;0;US;Airbnb;AI-848470;Confermata;965,00;875,00;10,00;80,00;143,25;Sì;Pianeta Casa Srl;;
A002;KB00033;05/08/2026;08/08/2026;3;1;1;0;1;0;DE;Airbnb;AI-728222;Confermata;612,50;525,00;7,50;80,00;90,75;Sì;Pianeta Casa Srl;;
A002;KB00034;08/08/2026;15/08/2026;7;1;1;0;1;0;ES;Booking.com;BO-551084;Confermata;1280,00;1225,00;10,00;45,00;228,60;Sì;Pianeta Casa Srl;;
A002;KB00035;16/08/2026;19/08/2026;3;1;1;0;1;0;DE;Airbnb;AI-458623;Confermata;532,50;525,00;7,50;0,00;78,75;Sì;Pianeta Casa Srl;;
A002;KB00036;22/08/2026;24/08/2026;2;1;1;0;1;0;NL;Booking.com;BO-183813;Confermata;410,00;350,00;5,00;55,00;72,90;Sì;Pianeta Casa Srl;;
A003;KB00037;01/06/2026;04/06/2026;3;1;2;2;0;2;US;Airbnb;AI-727521;Confermata;390,00;330,00;0,00;60,00;58,50;Sì;Pianeta Casa Srl;;
A003;KB00038;04/06/2026;07/06/2026;3;1;3;0;3;0;IT;Diretto;DI-730697;Confermata;412,50;330,00;22,50;60,00;0,00;No;Pianeta Casa Srl;;
A003;KB00039;10/06/2026;14/06/2026;4;1;2;1;1;1;CH;Booking.com;BO-213440;Confermata;510,00;440,00;10,00;60,00;90,00;Sì;Pianeta Casa Srl;;
A003;KB00040;14/06/2026;18/06/2026;4;1;4;0;4;0;US;Booking.com;BO-957621;Confermata;535,00;440,00;40,00;55,00;89,10;Sì;Pianeta Casa Srl;;
A003;KB00041;18/06/2026;25/06/2026;7;1;4;0;4;0;US;Booking.com;BO-498773;Confermata;880,00;770,00;40,00;70,00;151,20;Sì;Pianeta Casa Srl;;
A003;KB00042;26/06/2026;30/06/2026;4;1;2;0;2;0;GB;Airbnb;AI-103690;Confermata;540,00;440,00;20,00;80,00;78,00;Sì;Pianeta Casa Srl;;
A003;KB00043;30/06/2026;03/07/2026;3;1;1;0;1;0;CH;Booking.com;BO-594259;Confermata;382,50;330,00;7,50;45,00;67,50;Sì;Pianeta Casa Srl;;
A003;KB00044;05/07/2026;10/07/2026;5;1;4;1;3;1;GB;Airbnb;AI-724841;Confermata;717,50;687,50;30,00;0,00;103,13;Sì;Pianeta Casa Srl;;
A003;KB00045;11/07/2026;13/07/2026;2;1;2;1;1;1;ES;Booking.com;BO-932121;Confermata;335,00;275,00;5,00;55,00;59,40;Sì;Pianeta Casa Srl;;
A003;KB00046;14/07/2026;18/07/2026;4;1;4;0;4;0;IT;Booking.com;BO-852081;Annullata;670,00;550,00;40,00;80,00;113,40;Sì;Pianeta Casa Srl;;
A003;KB00047;19/07/2026;24/07/2026;5;1;4;2;2;2;US;Airbnb;AI-424507;Confermata;767,50;687,50;20,00;60,00;112,13;Sì;Pianeta Casa Srl;;
A003;KB00048;25/07/2026;29/07/2026;4;1;2;0;2;0;CH;Airbnb;AI-830452;Confermata;625,00;550,00;20,00;55,00;90,75;Sì;Pianeta Casa Srl;;
A003;KB00049;29/07/2026;01/08/2026;3;1;3;0;3;0;FR;Diretto;DI-976054;Confermata;495,00;412,50;22,50;60,00;0,00;No;Pianeta Casa Srl;;
A003;KB00050;04/08/2026;06/08/2026;2;1;3;0;3;0;GB;Booking.com;BO-647272;Confermata;315,00;220,00;15,00;80,00;54,00;Sì;Pianeta Casa Srl;;
A003;KB00051;08/08/2026;10/08/2026;2;1;1;0;1;0;ES;Airbnb;AI-772619;Confermata;270,00;220,00;5,00;45,00;39,75;Sì;Pianeta Casa Srl;;
A003;KB00052;12/08/2026;15/08/2026;3;1;1;0;1;0;ES;Airbnb;AI-233604;Confermata;392,50;330,00;7,50;55,00;57,75;Sì;Pianeta Casa Srl;;
A003;KB00053;16/08/2026;18/08/2026;2;1;3;0;3;0;IT;Booking.com;BO-754577;Confermata;280,00;220,00;15,00;45,00;47,70;Sì;Pianeta Casa Srl;;
A003;KB00054;19/08/2026;21/08/2026;2;1;4;0;4;0;US;Airbnb;AI-367962;Confermata;285,00;220,00;20,00;45,00;39,75;Sì;Pianeta Casa Srl;;
A003;KB00055;22/08/2026;25/08/2026;3;1;1;0;1;0;FR;Booking.com;BO-542270;Confermata;337,50;330,00;7,50;0,00;59,40;Sì;Pianeta Casa Srl;;
A004;KB00056;04/06/2026;08/06/2026;4;2;3;0;3;0;IT;Booking.com;BO-614311;Confermata;605,00;520,00;30,00;55,00;103,50;Sì;Pianeta Casa Srl;;
A004;KB00057;08/06/2026;10/06/2026;2;2;2;1;1;1;CH;Booking.com;BO-485275;Confermata;335,00;260,00;5,00;70,00;59,40;Sì;Pianeta Casa Srl;;
A004;KB00058;12/06/2026;14/06/2026;2;2;4;1;3;1;GB;Booking.com;BO-501097;Confermata;355,00;260,00;15,00;80,00;61,20;Sì;Pianeta Casa Srl;;
A004;KB00059;17/06/2026;21/06/2026;4;2;5;0;5;0;CH;Airbnb;AI-306368;Confermata;650,00;520,00;50,00;80,00;90,00;Sì;Pianeta Casa Srl;;
A004;KB00060;21/06/2026;28/06/2026;7;2;2;0;2;0;IT;Booking.com;BO-921399;Confermata;1010,00;910,00;20,00;80,00;178,20;Sì;Pianeta Casa Srl;;
A004;KB00061;01/07/2026;04/07/2026;3;2;1;0;1;0;US;Airbnb;AI-286238;Confermata;565,00;487,50;7,50;70,00;83,63;Sì;Pianeta Casa Srl;;
A004;KB00062;06/07/2026;10/07/2026;4;2;2;2;0;2;FR;Booking.com;BO-597102;Confermata;730,00;650,00;0,00;80,00;131,40;Sì;Pianeta Casa Srl;;
A004;KB00063;11/07/2026;15/07/2026;4;2;4;1;3;1;FR;Booking.com;BO-956325;Confermata;725,00;650,00;30,00;45,00;125,10;Sì;Pianeta Casa Srl;;
A004;KB00064;15/07/2026;20/07/2026;5;2;3;2;1;2;US;Airbnb;AI-580224;Confermata;877,50;812,50;10,00;55,00;130,13;Sì;Pianeta Casa Srl;;
A004;KB00065;20/07/2026;24/07/2026;4;2;4;2;2;2;CH;Booking.com;BO-178011;Confermata;750,00;650,00;20,00;80,00;131,40;Sì;Pianeta Casa Srl;;
A004;KB00066;24/07/2026;27/07/2026;3;2;3;0;3;0;IT;Diretto;DI-636770;Confermata;510,00;487,50;22,50;0,00;0,00;No;Pianeta Casa Srl;;
A004;KB00067;27/07/2026;01/08/2026;5;2;2;0;2;0;US;Airbnb;AI-650160;Confermata;832,50;812,50;20,00;0,00;121,88;Sì;Pianeta Casa Srl;;
A004;KB00068;01/08/2026;08/08/2026;7;2;1;0;1;0;US;Airbnb;AI-380267;Confermata;1000,00;910,00;10,00;80,00;148,50;Sì;Pianeta Casa Srl;;
A004;KB00069;10/08/2026;15/08/2026;5;2;4;0;4;0;IT;Booking.com;BO-933409;Confermata;690,00;650,00;40,00;0,00;117,00;Sì;Pianeta Casa Srl;;
A004;KB00070;16/08/2026;19/08/2026;3;2;2;2;0;2;GB;Airbnb;AI-851146;Confermata;445,00;390,00;0,00;55,00;66,75;Sì;Pianeta Casa Srl;;
A004;KB00071;19/08/2026;24/08/2026;5;2;5;0;5;0;US;Booking.com;BO-462985;Confermata;760,00;650,00;50,00;60,00;127,80;Sì;Pianeta Casa Srl;;
A005;KB00072;03/06/2026;05/06/2026;2;1;2;0;2;0;GB;Booking.com;BO-700612;Annullata;310,00;220,00;10,00;80,00;54,00;Sì;Pianeta Casa Srl;;
A005;KB00073;06/06/2026;09/06/2026;3;1;1;0;1;0;NL;Booking.com;BO-924425;Confermata;417,50;330,00;7,50;80,00;73,80;Sì;Pianeta Casa Srl;;
A005;KB00074;09/06/2026;14/06/2026;5;1;1;0;1;0;DE;Airbnb;AI-771083;Confermata;620,00;550,00;10,00;60,00;91,50;Sì;Pianeta Casa Srl;;
A005;KB00075;17/06/2026;20/06/2026;3;1;2;0;2;0;US;Airbnb;AI-645136;Confermata;400,00;330,00;15,00;55,00;57,75;Sì;Pianeta Casa Srl;;
A005;KB00076;20/06/2026;23/06/2026;3;1;1;0;1;0;GB;Airbnb;AI-851250;Confermata;337,50;330,00;7,50;0,00;49,50;Sì;Pianeta Casa Srl;;
A005;KB00077;23/06/2026;27/06/2026;4;1;2;0;2;0;DE;Airbnb;AI-415146;Confermata;520,00;440,00;20,00;60,00;75,00;Sì;Pianeta Casa Srl;;
A005;KB00078;28/06/2026;02/07/2026;4;1;2;2;0;2;FR;Booking.com;BO-310630;Confermata;495,00;440,00;0,00;55,00;89,10;Sì;Pianeta Casa Srl;;
A005;KB00079;03/07/2026;10/07/2026;7;1;1;0;1;0;GB;Booking.com;BO-882856;Confermata;1052,50;962,50;10,00;80,00;187,65;Sì;Pianeta Casa Srl;;
A005;KB00080;12/07/2026;17/07/2026;5;1;2;0;2;0;US;Booking.com;BO-119840;Confermata;707,50;687,50;20,00;0,00;123,75;Sì;Pianeta Casa Srl;;
A005;KB00081;20/07/2026;27/07/2026;7;1;1;0;1;0;DE;Airbnb;AI-844865;Confermata;1027,50;962,50;10,00;55,00;152,63;Sì;Pianeta Casa Srl;;
A005;KB00082;30/07/2026;06/08/2026;7;1;2;2;0;2;ES;Airbnb;AI-780032;Confermata;1032,50;962,50;0,00;70,00;154,88;Sì;Pianeta Casa Srl;;
A005;KB00083;08/08/2026;12/08/2026;4;1;2;1;1;1;GB;Airbnb;AI-701689;Confermata;495,00;440,00;10,00;45,00;72,75;Sì;Pianeta Casa Srl;;
A005;KB00084;12/08/2026;19/08/2026;7;1;2;0;2;0;CH;Airbnb;AI-410896;Confermata;860,00;770,00;20,00;70,00;126,00;Sì;Pianeta Casa Srl;;
A005;KB00085;19/08/2026;24/08/2026;5;1;2;0;2;0;ES;Diretto;DI-450528;Confermata;570,00;550,00;20,00;0,00;0,00;No;Pianeta Casa Srl;;
A005;KB00086;24/08/2026;27/08/2026;3;1;2;0;2;0;US;Booking.com;BO-414438;Confermata;390,00;330,00;15,00;45,00;67,50;Sì;Pianeta Casa Srl;;
A005;KB00087;28/08/2026;30/08/2026;2;1;1;0;1;0;IT;Booking.com;BO-322386;Confermata;270,00;220,00;5,00;45,00;47,70;Sì;Pianeta Casa Srl;;
A006;KB00088;01/06/2026;06/06/2026;5;1;1;0;1;0;FR;Airbnb;AI-830305;Confermata;660,00;650,00;10,00;0,00;97,50;Sì;Pianeta Casa Srl;;
A006;KB00089;09/06/2026;14/06/2026;5;1;1;0;1;0;ES;Booking.com;BO-793384;Confermata;730,00;650,00;10,00;70,00;129,60;Sì;Pianeta Casa Srl;;
A006;KB00090;17/06/2026;20/06/2026;3;1;2;0;2;0;IT;Booking.com;BO-474361;Confermata;405,00;390,00;15,00;0,00;70,20;Sì;Pianeta Casa Srl;;
A006;KB00091;20/06/2026;24/06/2026;4;1;1;0;1;0;FR;Airbnb;AI-589905;Confermata;575,00;520,00;10,00;45,00;84,75;Sì;Pianeta Casa Srl;;
A006;KB00092;24/06/2026;28/06/2026;4;1;2;0;2;0;FR;Booking.com;BO-692679;Confermata;620,00;520,00;20,00;80,00;108,00;Sì;Pianeta Casa Srl;;
A006;KB00093;29/06/2026;03/07/2026;4;1;1;0;1;0;CH;Airbnb;AI-810797;Confermata;575,00;520,00;10,00;45,00;84,75;Sì;Pianeta Casa Srl;;
A006;KB00094;03/07/2026;06/07/2026;3;1;2;0;2;0;CH;Booking.com;BO-809044;Annullata;582,50;487,50;15,00;80,00;102,15;Sì;Pianeta Casa Srl;;
A006;KB00095;09/07/2026;14/07/2026;5;1;1;0;1;0;NL;Booking.com;BO-737879;Confermata;867,50;812,50;10,00;45,00;154,35;Sì;Pianeta Casa Srl;;
A006;KB00096;14/07/2026;21/07/2026;7;1;1;0;1;0;IT;Booking.com;BO-231140;Confermata;1192,50;1137,50;10,00;45,00;212,85;Sì;Pianeta Casa Srl;;
A006;KB00097;21/07/2026;25/07/2026;4;1;2;1;1;1;DE;Booking.com;BO-183379;Confermata;720,00;650,00;10,00;60,00;127,80;Sì;Pianeta Casa Srl;;
A006;KB00098;28/07/2026;02/08/2026;5;1;1;0;1;0;NL;Booking.com;BO-536223;Confermata;902,50;812,50;10,00;80,00;160,65;Sì;Pianeta Casa Srl;;
A006;KB00099;05/08/2026;10/08/2026;5;1;2;0;2;0;GB;Booking.com;BO-681711;Confermata;730,00;650,00;20,00;60,00;127,80;Sì;Pianeta Casa Srl;;
A006;KB00100;10/08/2026;13/08/2026;3;1;1;0;1;0;FR;Booking.com;BO-179452;Confermata;397,50;390,00;7,50;0,00;70,20;Sì;Pianeta Casa Srl;;
A006;KB00101;16/08/2026;18/08/2026;2;1;2;1;1;1;CH;Booking.com;BO-781466;Confermata;265,00;260,00;5,00;0,00;46,80;Sì;Pianeta Casa Srl;;
A006;KB00102;19/08/2026;22/08/2026;3;1;1;0;1;0;FR;Diretto;DI-465320;Confermata;457,50;390,00;7,50;60,00;0,00;No;Pianeta Casa Srl;;
A006;KB00103;22/08/2026;24/08/2026;2;1;1;0;1;0;IT;Booking.com;BO-129242;Confermata;320,00;260,00;5,00;55,00;56,70;Sì;Pianeta Casa Srl;;
A006;KB00104;24/08/2026;27/08/2026;3;1;2;2;0;2;DE;Diretto;DI-652805;Confermata;460,00;390,00;0,00;70,00;0,00;No;Pianeta Casa Srl;;
A007;KB00105;02/06/2026;07/06/2026;5;1;1;0;1;0;US;Booking.com;BO-912860;Confermata;965,00;875,00;10,00;80,00;171,90;Sì;Pianeta Casa Srl;;
A007;KB00106;10/06/2026;17/06/2026;7;1;2;0;2;0;CH;Airbnb;AI-728280;Confermata;1300,00;1225,00;20,00;55,00;192,00;Sì;Pianeta Casa Srl;;
A007;KB00107;17/06/2026;20/06/2026;3;1;2;1;1;1;GB;Airbnb;AI-187489;Confermata;612,50;525,00;7,50;80,00;90,75;Sì;Pianeta Casa Srl;;
A007;KB00108;20/06/2026;22/06/2026;2;1;3;0;3;0;FR;Airbnb;AI-363677;Confermata;365,00;350,00;15,00;0,00;52,50;Sì;Pianeta Casa Srl;;
A007;KB00109;23/06/2026;26/06/2026;3;1;2;0;2;0;DE;Diretto;DI-313590;Confermata;540,00;525,00;15,00;0,00;0,00;No;Pianeta Casa Srl;;
A007;KB00110;28/06/2026;05/07/2026;7;1;3;0;3;0;GB;Airbnb;AI-664383;Confermata;1325,00;1225,00;30,00;70,00;194,25;Sì;Pianeta Casa Srl;;
A007;KB00111;05/07/2026;09/07/2026;4;1;3;0;3;0;DE;Booking.com;BO-904228;Confermata;905,00;875,00;30,00;0,00;157,50;Sì;Pianeta Casa Srl;;
A007;KB00112;11/07/2026;13/07/2026;2;1;2;2;0;2;US;Airbnb;AI-966214;Confermata;437,50;437,50;0,00;0,00;65,63;Sì;Pianeta Casa Srl;;
A007;KB00113;14/07/2026;17/07/2026;3;1;3;0;3;0;US;Airbnb;AI-429993;Confermata;758,75;656,25;22,50;80,00;110,44;Sì;Pianeta Casa Srl;;
A007;KB00114;17/07/2026;24/07/2026;7;1;1;0;1;0;NL;Diretto;DI-222325;Confermata;1621,25;1531,25;10,00;80,00;0,00;No;Pianeta Casa Srl;;
A007;KB00115;26/07/2026;28/07/2026;2;1;3;0;3;0;FR;Booking.com;BO-683869;Confermata;452,50;437,50;15,00;0,00;78,75;Sì;Pianeta Casa Srl;;
A007;KB00116;31/07/2026;03/08/2026;3;1;3;0;3;0;GB;Booking.com;BO-759115;Confermata;678,75;656,25;22,50;0,00;118,13;Sì;Pianeta Casa Srl;;
A007;KB00117;03/08/2026;05/08/2026;2;1;1;0;1;0;CH;Airbnb;AI-719531;Confermata;410,00;350,00;5,00;55,00;60,75;Sì;Pianeta Casa Srl;;
A007;KB00118;05/08/2026;09/08/2026;4;1;1;0;1;0;IT;Diretto;DI-410853;Confermata;770,00;700,00;10,00;60,00;0,00;No;Pianeta Casa Srl;;
A007;KB00119;09/08/2026;12/08/2026;3;1;1;0;1;0;DE;Booking.com;BO-375495;Confermata;612,50;525,00;7,50;80,00;108,90;Sì;Pianeta Casa Srl;;
A007;KB00120;14/08/2026;16/08/2026;2;1;2;0;2;0;IT;Airbnb;AI-752718;Confermata;405,00;350,00;10,00;45,00;59,25;Sì;Pianeta Casa Srl;;
A007;KB00121;16/08/2026;20/08/2026;4;1;2;1;1;1;NL;Airbnb;AI-735007;Confermata;765,00;700,00;10,00;55,00;113,25;Sì;Pianeta Casa Srl;;
A007;KB00122;21/08/2026;23/08/2026;2;1;3;1;2;1;US;Booking.com;BO-832198;Confermata;440,00;350,00;10,00;80,00;77,40;Sì;Pianeta Casa Srl;;
A008;KB00123;03/06/2026;06/06/2026;3;3;3;1;2;1;GB;Booking.com;BO-531776;Confermata;270,00;255,00;15,00;0,00;45,90;Sì;Pianeta Casa Srl;;
A008;KB00124;07/06/2026;10/06/2026;3;3;3;0;3;0;GB;Diretto;DI-971221;Confermata;277,50;255,00;22,50;0,00;0,00;No;Pianeta Casa Srl;;
A008;KB00125;13/06/2026;17/06/2026;4;3;4;2;2;2;ES;Airbnb;AI-937562;Confermata;405,00;340,00;20,00;45,00;57,75;Sì;Pianeta Casa Srl;;
A008;KB00126;18/06/2026;20/06/2026;2;3;5;0;5;0;CH;Booking.com;BO-337373;Confermata;195,00;170,00;25,00;0,00;30,60;Sì;Pianeta Casa Srl;;
A008;KB00127;20/06/2026;23/06/2026;3;3;3;2;1;2;US;Booking.com;BO-135626;Confermata;307,50;255,00;7,50;45,00;54,00;Sì;Pianeta Casa Srl;;
A008;KB00128;26/06/2026;28/06/2026;2;3;5;2;3;2;US;Diretto;DI-595521;Confermata;240,00;170,00;15,00;55,00;0,00;No;Pianeta Casa Srl;;
A008;KB00129;01/07/2026;04/07/2026;3;3;1;0;1;0;FR;Airbnb;AI-651648;Confermata;386,25;318,75;7,50;60,00;56,81;Sì;Pianeta Casa Srl;;
A008;KB00130;05/07/2026;09/07/2026;4;3;1;0;1;0;DE;Diretto;DI-228680;Confermata;435,00;425,00;10,00;0,00;0,00;No;Pianeta Casa Srl;;
A008;KB00131;10/07/2026;15/07/2026;5;3;3;2;1;2;US;Booking.com;BO-771974;Confermata;596,25;531,25;10,00;55,00;105,53;Sì;Pianeta Casa Srl;;
A008;KB00132;15/07/2026;20/07/2026;5;3;3;0;3;0;NL;Booking.com;BO-855633;Confermata;621,25;531,25;30,00;60,00;106,43;Sì;Pianeta Casa Srl;;
A008;KB00133;20/07/2026;25/07/2026;5;3;4;0;4;0;CH;Booking.com;BO-646028;Confermata;616,25;531,25;40,00;45,00;103,73;Sì;Pianeta Casa Srl;;
A008;KB00134;25/07/2026;01/08/2026;7;3;1;0;1;0;GB;Airbnb;AI-341313;Confermata;753,75;743,75;10,00;0,00;111,56;Sì;Pianeta Casa Srl;;
A008;KB00135;01/08/2026;03/08/2026;2;3;2;0;2;0;ES;Airbnb;AI-495772;Confermata;260,00;170,00;10,00;80,00;37,50;Sì;Pianeta Casa Srl;;
A008;KB00136;04/08/2026;09/08/2026;5;3;3;0;3;0;FR;Airbnb;AI-781418;Confermata;455,00;425,00;30,00;0,00;63,75;Sì;Pianeta Casa Srl;;
A008;KB00137;10/08/2026;13/08/2026;3;3;2;0;2;0;NL;Diretto;DI-262985;Confermata;270,00;255,00;15,00;0,00;0,00;No;Pianeta Casa Srl;;
A008;KB00138;14/08/2026;16/08/2026;2;3;3;0;3;0;ES;Diretto;DI-164378;Confermata;230,00;170,00;15,00;45,00;0,00;No;Pianeta Casa Srl;;
A008;KB00139;16/08/2026;19/08/2026;3;3;2;0;2;0;GB;Airbnb;AI-308758;Confermata;340,00;255,00;15,00;70,00;48,75;Sì;Pianeta Casa Srl;;
A008;KB00140;19/08/2026;24/08/2026;5;3;5;1;4;1;US;Airbnb;AI-674948;Confermata;510,00;425,00;40,00;45,00;70,50;Sì;Pianeta Casa Srl;;
A008;KB00141;24/08/2026;31/08/2026;7;3;3;0;3;0;ES;Booking.com;BO-445973;Confermata;625,00;595,00;30,00;0,00;107,10;Sì;Pianeta Casa Srl;;
A009;KB00142;01/06/2026;06/06/2026;5;2;3;2;1;2;DE;Diretto;DI-996110;Confermata;740,00;650,00;10,00;80,00;0,00;No;Marco Serra;;
A009;KB00143;07/06/2026;10/06/2026;3;2;3;0;3;0;GB;Airbnb;AI-187950;Annullata;472,50;390,00;22,50;60,00;67,50;Sì;Marco Serra;;
A009;KB00144;10/06/2026;13/06/2026;3;2;1;0;1;0;IT;Airbnb;AI-567750;Confermata;442,50;390,00;7,50;45,00;65,25;Sì;Marco Serra;;
A009;KB00145;15/06/2026;19/06/2026;4;2;1;0;1;0;US;Airbnb;AI-340381;Confermata;590,00;520,00;10,00;60,00;87,00;Sì;Marco Serra;;
A009;KB00146;22/06/2026;24/06/2026;2;2;1;0;1;0;IT;Booking.com;BO-547257;Confermata;310,00;260,00;5,00;45,00;54,90;Sì;Marco Serra;;
A009;KB00147;27/06/2026;02/07/2026;5;2;4;0;4;0;ES;Airbnb;AI-751328;Confermata;735,00;650,00;40,00;45,00;104,25;Sì;Marco Serra;;
A009;KB00148;03/07/2026;10/07/2026;7;2;3;0;3;0;CH;Diretto;DI-572460;Confermata;1167,50;1137,50;30,00;0,00;0,00;No;Marco Serra;;
A009;KB00149;11/07/2026;14/07/2026;3;2;2;0;2;0;CH;Booking.com;BO-915468;Confermata;547,50;487,50;15,00;45,00;95,85;Sì;Marco Serra;;
A009;KB00150;15/07/2026;17/07/2026;2;2;1;0;1;0;CH;Airbnb;AI-322972;Confermata;410,00;325,00;5,00;80,00;60,75;Sì;Marco Serra;;
A009;KB00151;18/07/2026;20/07/2026;2;2;1;0;1;0;IT;Booking.com;BO-804353;Confermata;390,00;325,00;5,00;60,00;69,30;Sì;Marco Serra;;
A009;KB00152;20/07/2026;22/07/2026;2;2;4;1;3;1;ES;Airbnb;AI-410598;Confermata;420,00;325,00;15,00;80,00;60,75;Sì;Marco Serra;;
A009;KB00153;24/07/2026;27/07/2026;3;2;1;0;1;0;US;Diretto;DI-961689;Confermata;575,00;487,50;7,50;80,00;0,00;No;Marco Serra;;
A009;KB00154;30/07/2026;06/08/2026;7;2;2;2;0;2;IT;Diretto;DI-955862;Confermata;1207,50;1137,50;0,00;70,00;0,00;No;Marco Serra;;
A009;KB00155;07/08/2026;10/08/2026;3;2;2;0;2;0;FR;Diretto;DI-809453;Confermata;450,00;390,00;15,00;45,00;0,00;No;Marco Serra;;
A009;KB00156;10/08/2026;13/08/2026;3;2;2;0;2;0;DE;Airbnb;AI-484719;Confermata;405,00;390,00;15,00;0,00;58,50;Sì;Marco Serra;;
A009;KB00157;16/08/2026;23/08/2026;7;2;1;0;1;0;GB;Airbnb;AI-984283;Annullata;990,00;910,00;10,00;70,00;147,00;Sì;Marco Serra;;
A009;KB00158;26/08/2026;29/08/2026;3;2;1;0;1;0;FR;Airbnb;AI-789385;Confermata;457,50;390,00;7,50;60,00;67,50;Sì;Marco Serra;;
A010;KB00159;02/06/2026;05/06/2026;3;1;2;0;2;0;ES;Booking.com;BO-339677;Confermata;600,00;525,00;15,00;60,00;105,30;Sì;Giulia Pinna;;
A010;KB00160;07/06/2026;11/06/2026;4;1;2;0;2;0;CH;Booking.com;BO-686712;Annullata;720,00;700,00;20,00;0,00;126,00;Sì;Giulia Pinna;;
A010;KB00161;13/06/2026;16/06/2026;3;1;1;0;1;0;FR;Booking.com;BO-479259;Confermata;532,50;525,00;7,50;0,00;94,50;Sì;Giulia Pinna;;
A010;KB00162;18/06/2026;21/06/2026;3;1;1;0;1;0;FR;Airbnb;AI-312890;Confermata;587,50;525,00;7,50;55,00;87,00;Sì;Giulia Pinna;;
A010;KB00163;21/06/2026;24/06/2026;3;1;2;0;2;0;NL;Airbnb;AI-569369;Confermata;585,00;525,00;15,00;45,00;85,50;Sì;Giulia Pinna;;
A010;KB00164;24/06/2026;26/06/2026;2;1;2;1;1;1;IT;Airbnb;AI-323655;Confermata;400,00;350,00;5,00;45,00;59,25;Sì;Giulia Pinna;;
A010;KB00165;26/06/2026;29/06/2026;3;1;2;2;0;2;DE;Booking.com;BO-286043;Confermata;525,00;525,00;0,00;0,00;94,50;Sì;Giulia Pinna;;
A010;KB00166;29/06/2026;01/07/2026;2;1;1;0;1;0;NL;Airbnb;AI-926099;Confermata;415,00;350,00;5,00;60,00;61,50;Sì;Giulia Pinna;;
A010;KB00167;01/07/2026;06/07/2026;5;1;1;0;1;0;FR;Booking.com;BO-110362;Confermata;1148,75;1093,75;10,00;45,00;204,98;Sì;Giulia Pinna;;
A010;KB00168;07/07/2026;10/07/2026;3;1;1;0;1;0;GB;Booking.com;BO-256603;Confermata;718,75;656,25;7,50;55,00;128,03;Sì;Giulia Pinna;;
A010;KB00169;13/07/2026;15/07/2026;2;1;2;2;0;2;FR;Airbnb;AI-121366;Confermata;497,50;437,50;0,00;60,00;74,63;Sì;Giulia Pinna;;
A010;KB00170;17/07/2026;22/07/2026;5;1;1;0;1;0;DE;Booking.com;BO-673910;Confermata;1148,75;1093,75;10,00;45,00;204,98;Sì;Giulia Pinna;;
A010;KB00171;25/07/2026;01/08/2026;7;1;1;0;1;0;GB;Airbnb;AI-919851;Confermata;1541,25;1531,25;10,00;0,00;229,69;Sì;Giulia Pinna;;
A010;KB00172;04/08/2026;07/08/2026;3;1;2;0;2;0;CH;Airbnb;AI-768980;Confermata;585,00;525,00;15,00;45,00;85,50;Sì;Giulia Pinna;;
A010;KB00173;08/08/2026;13/08/2026;5;1;1;0;1;0;IT;Booking.com;BO-872918;Confermata;945,00;875,00;10,00;60,00;168,30;Sì;Giulia Pinna;;
A010;KB00174;13/08/2026;16/08/2026;3;1;2;0;2;0;CH;Airbnb;AI-950195;Confermata;620,00;525,00;15,00;80,00;90,75;Sì;Giulia Pinna;;
A010;KB00175;19/08/2026;21/08/2026;2;1;1;0;1;0;GB;Airbnb;AI-770021;Confermata;415,00;350,00;5,00;60,00;61,50;Sì;Giulia Pinna;;
A010;KB00176;22/08/2026;29/08/2026;7;1;2;0;2;0;CH;Airbnb;AI-393651;Confermata;1325,00;1225,00;20,00;80,00;195,75;Sì;Giulia Pinna;;
A011;KB00177;01/06/2026;04/06/2026;3;2;2;0;2;0;US;Airbnb;AI-255180;Confermata;545,00;450,00;15,00;80,00;79,50;Sì;Antonio Melis;;
A011;KB00178;06/06/2026;13/06/2026;7;2;1;0;1;0;DE;Airbnb;AI-829706;Confermata;1120,00;1050,00;10,00;60,00;166,50;Sì;Antonio Melis;;
A011;KB00179;14/06/2026;19/06/2026;5;2;2;2;0;2;FR;Airbnb;AI-339620;Annullata;830,00;750,00;0,00;80,00;124,50;Sì;Antonio Melis;;
A011;KB00180;21/06/2026;25/06/2026;4;2;1;0;1;0;NL;Airbnb;AI-995635;Confermata;610,00;600,00;10,00;0,00;90,00;Sì;Antonio Melis;;
A011;KB00181;27/06/2026;01/07/2026;4;2;4;0;4;0;ES;Booking.com;BO-916520;Confermata;685,00;600,00;40,00;45,00;116,10;Sì;Antonio Melis;;
A011;KB00182;01/07/2026;03/07/2026;2;2;4;1;3;1;FR;Airbnb;AI-176410;Confermata;435,00;375,00;15,00;45,00;63,00;Sì;Antonio Melis;;
A011;KB00183;05/07/2026;09/07/2026;4;2;4;2;2;2;CH;Booking.com;BO-121387;Confermata;830,00;750,00;20,00;60,00;145,80;Sì;Antonio Melis;;
A011;KB00184;09/07/2026;13/07/2026;4;2;2;2;0;2;CH;Booking.com;BO-402473;Confermata;810,00;750,00;0,00;60,00;145,80;Sì;Antonio Melis;;
A011;KB00185;16/07/2026;19/07/2026;3;2;4;0;4;0;US;Airbnb;AI-808642;Confermata;652,50;562,50;30,00;60,00;93,38;Sì;Antonio Melis;;
A011;KB00186;19/07/2026;24/07/2026;5;2;2;0;2;0;US;Booking.com;BO-936398;Confermata;1037,50;937,50;20,00;80,00;183,15;Sì;Antonio Melis;;
A011;KB00187;25/07/2026;29/07/2026;4;2;4;2;2;2;GB;Booking.com;BO-861624;Confermata;830,00;750,00;20,00;60,00;145,80;Sì;Antonio Melis;;
A011;KB00188;01/08/2026;03/08/2026;2;2;3;0;3;0;IT;Diretto;DI-292994;Confermata;375,00;300,00;15,00;60,00;0,00;No;Antonio Melis;;
A011;KB00189;06/08/2026;11/08/2026;5;2;3;2;1;2;ES;Booking.com;BO-625925;Confermata;840,00;750,00;10,00;80,00;149,40;Sì;Antonio Melis;;
A011;KB00190;14/08/2026;18/08/2026;4;2;1;0;1;0;DE;Airbnb;AI-599461;Confermata;690,00;600,00;10,00;80,00;102,00;Sì;Antonio Melis;;
A011;KB00191;19/08/2026;22/08/2026;3;2;4;0;4;0;NL;Diretto;DI-413198;Confermata;550,00;450,00;30,00;70,00;0,00;No;Antonio Melis;;
A011;KB00192;23/08/2026;27/08/2026;4;2;4;1;3;1;NL;Airbnb;AI-615485;Confermata;685,00;600,00;30,00;55,00;98,25;Sì;Antonio Melis;;
A011;KB00193;27/08/2026;30/08/2026;3;2;3;2;1;2;IT;Airbnb;AI-987965;Confermata;502,50;450,00;7,50;45,00;74,25;Sì;Antonio Melis;;
A012;KB00194;02/06/2026;05/06/2026;3;1;2;2;0;2;CH;Airbnb;AI-605272;Confermata;530,00;450,00;0,00;80,00;79,50;Sì;Francesca Loi;;
A012;KB00195;07/06/2026;10/06/2026;3;1;1;0;1;0;CH;Airbnb;AI-666825;Confermata;502,50;450,00;7,50;45,00;74,25;Sì;Francesca Loi;;
A012;KB00196;11/06/2026;18/06/2026;7;1;2;1;1;1;GB;Airbnb;AI-530732;Confermata;1130,00;1050,00;10,00;70,00;168,00;Sì;Francesca Loi;;
A012;KB00197;19/06/2026;22/06/2026;3;1;2;0;2;0;US;Booking.com;BO-624870;Confermata;545,00;450,00;15,00;80,00;95,40;Sì;Francesca Loi;;
A012;KB00198;22/06/2026;24/06/2026;2;1;1;0;1;0;ES;Airbnb;AI-761248;Confermata;375,00;300,00;5,00;70,00;55,50;Sì;Francesca Loi;;
A012;KB00199;25/06/2026;27/06/2026;2;1;1;0;1;0;FR;Airbnb;AI-476346;Confermata;305,00;300,00;5,00;0,00;45,00;Sì;Francesca Loi;;
A012;KB00200;28/06/2026;02/07/2026;4;1;3;0;3;0;NL;Diretto;DI-456906;Confermata;690,00;600,00;30,00;60,00;0,00;No;Francesca Loi;;
A012;KB00201;02/07/2026;07/07/2026;5;1;2;0;2;0;ES;Airbnb;AI-203886;Confermata;1027,50;937,50;20,00;70,00;151,13;Sì;Francesca Loi;;
A012;KB00202;09/07/2026;12/07/2026;3;1;1;0;1;0;DE;Booking.com;BO-382048;Confermata;630,00;562,50;7,50;60,00;112,05;Sì;Francesca Loi;;
A012;KB00203;14/07/2026;17/07/2026;3;1;3;1;2;1;FR;Booking.com;BO-226534;Confermata;622,50;562,50;15,00;45,00;109,35;Sì;Francesca Loi;;
A012;KB00204;18/07/2026;25/07/2026;7;1;2;0;2;0;CH;Airbnb;AI-803729;Confermata;1332,50;1312,50;20,00;0,00;196,88;Sì;Francesca Loi;;
A012;KB00205;28/07/2026;01/08/2026;4;1;1;0;1;0;ES;Airbnb;AI-912797;Confermata;815,00;750,00;10,00;55,00;120,75;Sì;Francesca Loi;;
A012;KB00206;01/08/2026;08/08/2026;7;1;1;0;1;0;FR;Airbnb;AI-376964;Confermata;1140,00;1050,00;10,00;80,00;169,50;Sì;Francesca Loi;;
A012;KB00207;08/08/2026;15/08/2026;7;1;1;0;1;0;ES;Booking.com;BO-118524;Annullata;1140,00;1050,00;10,00;80,00;203,40;Sì;Francesca Loi;;
A012;KB00208;15/08/2026;18/08/2026;3;1;3;0;3;0;US;Booking.com;BO-849485;Confermata;552,50;450,00;22,50;80,00;95,40;Sì;Francesca Loi;;
A012;KB00209;18/08/2026;21/08/2026;3;1;2;2;0;2;FR;Booking.com;BO-384899;Confermata;450,00;450,00;0,00;0,00;81,00;Sì;Francesca Loi;;
A012;KB00210;24/08/2026;27/08/2026;3;1;2;0;2;0;ES;Diretto;DI-519908;Confermata;520,00;450,00;15,00;55,00;0,00;No;Francesca Loi;;
A012;KB00211;27/08/2026;01/09/2026;5;1;2;2;0;2;DE;Airbnb;AI-831390;Confermata;795,00;750,00;0,00;45,00;119,25;Sì;Francesca Loi;;
A013;KB00212;03/06/2026;10/06/2026;7;3;3;0;3;0;NL;Diretto;DI-457831;Confermata;855,00;770,00;30,00;55,00;0,00;No;Paolo Cabras;;
A013;KB00213;10/06/2026;17/06/2026;7;3;3;1;2;1;IT;Airbnb;AI-718894;Confermata;860,00;770,00;20,00;70,00;126,00;Sì;Paolo Cabras;;
A013;KB00214;17/06/2026;20/06/2026;3;3;4;1;3;1;GB;Airbnb;AI-871002;Confermata;422,50;330,00;22,50;70,00;60,00;Sì;Paolo Cabras;;
A013;KB00215;21/06/2026;23/06/2026;2;3;1;0;1;0;GB;Airbnb;AI-299114;Confermata;225,00;220,00;5,00;0,00;33,00;Sì;Paolo Cabras;;
A013;KB00216;24/06/2026;29/06/2026;5;3;3;1;2;1;IT;Booking.com;BO-713774;Confermata;630,00;550,00;20,00;60,00;109,80;Sì;Paolo Cabras;;
A013;KB00217;30/06/2026;02/07/2026;2;3;4;0;4;0;ES;Airbnb;AI-531926;Confermata;310,00;220,00;20,00;70,00;43,50;Sì;Paolo Cabras;;
A013;KB00218;02/07/2026;07/07/2026;5;3;2;2;0;2;ES;Airbnb;AI-805345;Confermata;742,50;687,50;0,00;55,00;111,38;Sì;Paolo Cabras;;
A013;KB00219;07/07/2026;11/07/2026;4;3;2;0;2;0;DE;Booking.com;BO-150127;Confermata;640,00;550,00;20,00;70,00;111,60;Sì;Paolo Cabras;;
A013;KB00220;13/07/2026;17/07/2026;4;3;5;0;5;0;IT;Airbnb;AI-227821;Confermata;655,00;550,00;50,00;55,00;90,75;Sì;Paolo Cabras;;
A013;KB00221;20/07/2026;23/07/2026;3;3;2;1;1;1;ES;Diretto;DI-244266;Confermata;475,00;412,50;7,50;55,00;0,00;No;Paolo Cabras;;
A013;KB00222;23/07/2026;30/07/2026;7;3;1;0;1;0;NL;Airbnb;AI-755896;Annullata;1032,50;962,50;10,00;60,00;153,38;Sì;Paolo Cabras;;
A013;KB00223;31/07/2026;07/08/2026;7;3;3;2;1;2;CH;Booking.com;BO-506593;Confermata;1052,50;962,50;10,00;80,00;187,65;Sì;Paolo Cabras;;
A013;KB00224;08/08/2026;11/08/2026;3;3;3;0;3;0;DE;Airbnb;AI-713825;Confermata;422,50;330,00;22,50;70,00;60,00;Sì;Paolo Cabras;;
A013;KB00225;12/08/2026;16/08/2026;4;3;2;0;2;0;NL;Airbnb;AI-836478;Confermata;520,00;440,00;20,00;60,00;75,00;Sì;Paolo Cabras;;
A013;KB00226;18/08/2026;21/08/2026;3;3;5;1;4;1;IT;Diretto;DI-300425;Confermata;440,00;330,00;30,00;80,00;0,00;No;Paolo Cabras;;
A013;KB00227;21/08/2026;24/08/2026;3;3;4;2;2;2;DE;Airbnb;AI-190571;Confermata;400,00;330,00;15,00;55,00;57,75;Sì;Paolo Cabras;;
A013;KB00228;24/08/2026;31/08/2026;7;3;3;0;3;0;DE;Booking.com;BO-591412;Confermata;860,00;770,00;30,00;60,00;149,40;Sì;Paolo Cabras;;
A014;KB00229;02/06/2026;06/06/2026;4;1;1;0;1;0;DE;Diretto;DI-134956;Confermata;350,00;340,00;10,00;0,00;0,00;No;Elena Piras;;
A014;KB00230;07/06/2026;12/06/2026;5;1;2;0;2;0;DE;Booking.com;BO-525204;Confermata;525,00;425,00;20,00;80,00;90,90;Sì;Elena Piras;;
A014;KB00231;13/06/2026;16/06/2026;3;1;1;0;1;0;ES;Airbnb;AI-765041;Confermata;332,50;255,00;7,50;70,00;48,75;Sì;Elena Piras;;
A014;KB00232;16/06/2026;21/06/2026;5;1;1;0;1;0;IT;Airbnb;AI-591283;Confermata;515,00;425,00;10,00;80,00;75,75;Sì;Elena Piras;;
A014;KB00233;22/06/2026;29/06/2026;7;1;2;0;2;0;NL;Booking.com;BO-886330;Confermata;685,00;595,00;20,00;70,00;119,70;Sì;Elena Piras;;
A014;KB00234;29/06/2026;06/07/2026;7;1;2;0;2;0;US;Booking.com;BO-560496;Confermata;675,00;595,00;20,00;60,00;117,90;Sì;Elena Piras;;
A014;KB00235;08/07/2026;10/07/2026;2;1;1;0;1;0;US;Airbnb;AI-519060;Confermata;272,50;212,50;5,00;55,00;40,13;Sì;Elena Piras;;
A014;KB00236;11/07/2026;13/07/2026;2;1;2;2;0;2;IT;Booking.com;BO-463409;Confermata;292,50;212,50;0,00;80,00;52,65;Sì;Elena Piras;;
A014;KB00237;13/07/2026;17/07/2026;4;1;2;0;2;0;ES;Airbnb;AI-732880;Annullata;490,00;425,00;20,00;45,00;70,50;Sì;Elena Piras;;
A014;KB00238;17/07/2026;20/07/2026;3;1;2;0;2;0;FR;Booking.com;BO-456002;Confermata;393,75;318,75;15,00;60,00;68,18;Sì;Elena Piras;;
A014;KB00239;20/07/2026;25/07/2026;5;1;1;0;1;0;FR;Booking.com;BO-912085;Confermata;596,25;531,25;10,00;55,00;105,53;Sì;Elena Piras;;
A014;KB00240;25/07/2026;28/07/2026;3;1;2;1;1;1;US;Airbnb;AI-698287;Confermata;406,25;318,75;7,50;80,00;59,81;Sì;Elena Piras;;
A014;KB00241;30/07/2026;03/08/2026;4;1;1;0;1;0;US;Airbnb;AI-669422;Confermata;495,00;425,00;10,00;60,00;72,75;Sì;Elena Piras;;
A014;KB00242;03/08/2026;05/08/2026;2;1;2;0;2;0;ES;Airbnb;AI-520991;Confermata;180,00;170,00;10,00;0,00;25,50;Sì;Elena Piras;;
A014;KB00243;05/08/2026;08/08/2026;3;1;1;0;1;0;ES;Booking.com;BO-537200;Confermata;332,50;255,00;7,50;70,00;58,50;Sì;Elena Piras;;
A014;KB00244;09/08/2026;16/08/2026;7;1;1;0;1;0;US;Diretto;DI-650128;Confermata;685,00;595,00;10,00;80,00;0,00;No;Elena Piras;;
A014;KB00245;17/08/2026;20/08/2026;3;1;2;0;2;0;ES;Diretto;DI-430798;Confermata;350,00;255,00;15,00;80,00;0,00;No;Elena Piras;;
A014;KB00246;21/08/2026;24/08/2026;3;1;2;2;0;2;ES;Airbnb;AI-362986;Confermata;325,00;255,00;0,00;70,00;48,75;Sì;Elena Piras;;
A014;KB00247;24/08/2026;29/08/2026;5;1;2;0;2;0;ES;Booking.com;BO-616338;Confermata;490,00;425,00;20,00;45,00;84,60;Sì;Elena Piras;;
A015;KB00248;02/06/2026;04/06/2026;2;2;2;0;2;0;GB;Diretto;DI-790062;Confermata;330,00;260,00;10,00;60,00;0,00;No;Roberto Sanna;;
A015;KB00249;05/06/2026;09/06/2026;4;2;3;0;3;0;CH;Booking.com;BO-337742;Confermata;550,00;520,00;30,00;0,00;93,60;Sì;Roberto Sanna;;
A015;KB00250;10/06/2026;15/06/2026;5;2;4;0;4;0;CH;Booking.com;BO-458248;Confermata;745,00;650,00;40,00;55,00;126,90;Sì;Roberto Sanna;;
A015;KB00251;15/06/2026;19/06/2026;4;2;4;2;2;2;DE;Diretto;DI-188183;Confermata;585,00;520,00;20,00;45,00;0,00;No;Roberto Sanna;;
A015;KB00252;20/06/2026;23/06/2026;3;2;4;2;2;2;CH;Booking.com;BO-712825;Confermata;450,00;390,00;15,00;45,00;78,30;Sì;Roberto Sanna;;
A015;KB00253;23/06/2026;26/06/2026;3;2;3;1;2;1;CH;Booking.com;BO-334498;Confermata;475,00;390,00;15,00;70,00;82,80;Sì;Roberto Sanna;;
A015;KB00254;27/06/2026;30/06/2026;3;2;2;1;1;1;US;Airbnb;AI-281003;Confermata;397,50;390,00;7,50;0,00;58,50;Sì;Roberto Sanna;;
A015;KB00255;30/06/2026;05/07/2026;5;2;3;0;3;0;ES;Diretto;DI-648019;Confermata;735,00;650,00;30,00;55,00;0,00;No;Roberto Sanna;;
A015;KB00256;06/07/2026;11/07/2026;5;2;1;0;1;0;DE;Booking.com;BO-867658;Confermata;902,50;812,50;10,00;80,00;160,65;Sì;Roberto Sanna;;
A015;KB00257;11/07/2026;14/07/2026;3;2;3;1;2;1;ES;Booking.com;BO-458223;Confermata;502,50;487,50;15,00;0,00;87,75;Sì;Roberto Sanna;;
A015;KB00258;14/07/2026;17/07/2026;3;2;2;0;2;0;ES;Booking.com;BO-918201;Confermata;562,50;487,50;15,00;60,00;98,55;Sì;Roberto Sanna;;
A015;KB00259;17/07/2026;22/07/2026;5;2;1;0;1;0;ES;Airbnb;AI-928529;Confermata;882,50;812,50;10,00;60,00;130,88;Sì;Roberto Sanna;;
A015;KB00260;24/07/2026;31/07/2026;7;2;4;1;3;1;NL;Booking.com;BO-383379;Annullata;1237,50;1137,50;30,00;70,00;217,35;Sì;Roberto Sanna;;
A015;KB00261;01/08/2026;06/08/2026;5;2;3;0;3;0;CH;Airbnb;AI-124202;Confermata;760,00;650,00;30,00;80,00;109,50;Sì;Roberto Sanna;;
A015;KB00262;06/08/2026;13/08/2026;7;2;2;0;2;0;US;Airbnb;AI-216771;Confermata;930,00;910,00;20,00;0,00;136,50;Sì;Roberto Sanna;;
A015;KB00263;14/08/2026;18/08/2026;4;2;4;0;4;0;NL;Airbnb;AI-618455;Confermata;605,00;520,00;40,00;45,00;84,75;Sì;Roberto Sanna;;
A015;KB00264;19/08/2026;23/08/2026;4;2;1;0;1;0;FR;Airbnb;AI-188338;Confermata;530,00;520,00;10,00;0,00;78,00;Sì;Roberto Sanna;;
A015;KB00265;25/08/2026;30/08/2026;5;2;4;0;4;0;NL;Booking.com;BO-777309;Confermata;735,00;650,00;40,00;45,00;125,10;Sì;Roberto Sanna;;
A016;KB00266;03/06/2026;10/06/2026;7;1;2;0;2;0;DE;Booking.com;BO-521322;Confermata;730,00;665,00;20,00;45,00;127,80;Sì;Chiara Deiana;;
A016;KB00267;11/06/2026;15/06/2026;4;1;2;0;2;0;DE;Booking.com;BO-372464;Confermata;470,00;380,00;20,00;70,00;81,00;Sì;Chiara Deiana;;
A016;KB00268;16/06/2026;19/06/2026;3;1;1;0;1;0;CH;Airbnb;AI-134224;Confermata;362,50;285,00;7,50;70,00;53,25;Sì;Chiara Deiana;;
A016;KB00269;22/06/2026;24/06/2026;2;1;1;0;1;0;US;Airbnb;AI-594961;Confermata;255,00;190,00;5,00;60,00;37,50;Sì;Chiara Deiana;;
A016;KB00270;27/06/2026;02/07/2026;5;1;1;0;1;0;FR;Booking.com;BO-155653;Confermata;530,00;475,00;10,00;45,00;93,60;Sì;Chiara Deiana;;
A016;KB00271;02/07/2026;06/07/2026;4;1;2;1;1;1;IT;Diretto;DI-106137;Confermata;540,00;475,00;10,00;55,00;0,00;No;Chiara Deiana;;
A016;KB00272;09/07/2026;12/07/2026;3;1;2;2;0;2;ES;Booking.com;BO-188319;Confermata;436,25;356,25;0,00;80,00;78,53;Sì;Chiara Deiana;;
A016;KB00273;13/07/2026;16/07/2026;3;1;2;0;2;0;NL;Airbnb;AI-352773;Confermata;451,25;356,25;15,00;80,00;65,44;Sì;Chiara Deiana;;
A016;KB00274;16/07/2026;19/07/2026;3;1;1;0;1;0;NL;Airbnb;AI-390309;Confermata;433,75;356,25;7,50;70,00;63,94;Sì;Chiara Deiana;;
A016;KB00275;19/07/2026;22/07/2026;3;1;1;0;1;0;FR;Airbnb;AI-212736;Confermata;363,75;356,25;7,50;0,00;53,44;Sì;Chiara Deiana;;
A016;KB00276;23/07/2026;28/07/2026;5;1;2;0;2;0;ES;Airbnb;AI-284535;Confermata;683,75;593,75;20,00;70,00;99,56;Sì;Chiara Deiana;;
A016;KB00277;31/07/2026;03/08/2026;3;1;1;0;1;0;NL;Airbnb;AI-567671;Confermata;418,75;356,25;7,50;55,00;61,69;Sì;Chiara Deiana;;
A016;KB00278;04/08/2026;11/08/2026;7;1;2;0;2;0;CH;Booking.com;BO-419258;Confermata;685,00;665,00;20,00;0,00;119,70;Sì;Chiara Deiana;;
A016;KB00279;14/08/2026;19/08/2026;5;1;1;0;1;0;IT;Airbnb;AI-950458;Confermata;545,00;475,00;10,00;60,00;80,25;Sì;Chiara Deiana;;
A016;KB00280;19/08/2026;22/08/2026;3;1;1;0;1;0;IT;Booking.com;BO-173889;Confermata;347,50;285,00;7,50;55,00;61,20;Sì;Chiara Deiana;;
A016;KB00281;23/08/2026;27/08/2026;4;1;1;0;1;0;NL;Booking.com;BO-227598;Annullata;445,00;380,00;10,00;55,00;78,30;Sì;Chiara Deiana;;
A017;KB00282;03/06/2026;06/06/2026;3;2;4;0;4;0;GB;Booking.com;BO-440334;Confermata;625,00;525,00;30,00;70,00;107,10;Sì;Stefano Marras;;
A017;KB00283;09/06/2026;12/06/2026;3;2;1;0;1;0;US;Diretto;DI-873953;Confermata;602,50;525,00;7,50;70,00;0,00;No;Stefano Marras;;
A017;KB00284;12/06/2026;15/06/2026;3;2;2;0;2;0;NL;Airbnb;AI-509739;Confermata;595,00;525,00;15,00;55,00;87,00;Sì;Stefano Marras;;
A017;KB00285;18/06/2026;21/06/2026;3;2;3;0;3;0;IT;Booking.com;BO-129373;Confermata;617,50;525,00;22,50;70,00;107,10;Sì;Stefano Marras;;
A017;KB00286;22/06/2026;29/06/2026;7;2;3;0;3;0;FR;Airbnb;AI-299694;Confermata;1335,00;1225,00;30,00;80,00;195,75;Sì;Stefano Marras;;
A017;KB00287;29/06/2026;02/07/2026;3;2;3;0;3;0;CH;Booking.com;BO-941391;Confermata;602,50;525,00;22,50;55,00;104,40;Sì;Stefano Marras;;
A017;KB00288;02/07/2026;05/07/2026;3;2;2;0;2;0;FR;Airbnb;AI-628314;Confermata;671,25;656,25;15,00;0,00;98,44;Sì;Stefano Marras;;
A017;KB00289;05/07/2026;07/07/2026;2;2;4;1;3;1;ES;Airbnb;AI-709205;Confermata;507,50;437,50;15,00;55,00;73,88;Sì;Stefano Marras;;
A017;KB00290;10/07/2026;13/07/2026;3;2;1;0;1;0;ES;Booking.com;BO-861325;Confermata;663,75;656,25;7,50;0,00;118,13;Sì;Stefano Marras;;
A017;KB00291;16/07/2026;18/07/2026;2;2;1;0;1;0;IT;Booking.com;BO-901583;Confermata;442,50;437,50;5,00;0,00;78,75;Sì;Stefano Marras;;
A017;KB00292;18/07/2026;22/07/2026;4;2;1;0;1;0;IT;Booking.com;BO-965667;Confermata;940,00;875,00;10,00;55,00;167,40;Sì;Stefano Marras;;
A017;KB00293;22/07/2026;25/07/2026;3;2;4;0;4;0;CH;Airbnb;AI-341051;Confermata;686,25;656,25;30,00;0,00;98,44;Sì;Stefano Marras;;
A017;KB00294;27/07/2026;30/07/2026;3;2;5;0;5;0;DE;Airbnb;AI-336724;Confermata;693,75;656,25;37,50;0,00;98,44;Sì;Stefano Marras;;
A017;KB00295;30/07/2026;06/08/2026;7;2;1;0;1;0;ES;Diretto;DI-980337;Confermata;1611,25;1531,25;10,00;70,00;0,00;No;Stefano Marras;;
A017;KB00296;07/08/2026;10/08/2026;3;2;4;0;4;0;DE;Airbnb;AI-621579;Confermata;610,00;525,00;30,00;55,00;87,00;Sì;Stefano Marras;;
A017;KB00297;13/08/2026;15/08/2026;2;2;2;0;2;0;FR;Airbnb;AI-839471;Confermata;405,00;350,00;10,00;45,00;59,25;Sì;Stefano Marras;;
A017;KB00298;15/08/2026;22/08/2026;7;2;5;0;5;0;DE;Booking.com;BO-505628;Confermata;1320,00;1225,00;50,00;45,00;228,60;Sì;Stefano Marras;;
A017;KB00299;22/08/2026;26/08/2026;4;2;5;0;5;0;US;Airbnb;AI-237861;Confermata;810,00;700,00;50,00;60,00;114,00;Sì;Stefano Marras;;
A018;KB00300;01/06/2026;05/06/2026;4;2;2;0;2;0;ES;Booking.com;BO-199987;Confermata;595,00;520,00;20,00;55,00;103,50;Sì;Laura Puddu;;
A018;KB00301;06/06/2026;10/06/2026;4;2;4;2;2;2;NL;Booking.com;BO-820995;Confermata;595,00;520,00;20,00;55,00;103,50;Sì;Laura Puddu;;
A018;KB00302;11/06/2026;13/06/2026;2;2;1;0;1;0;US;Airbnb;AI-608974;Confermata;345,00;260,00;5,00;80,00;51,00;Sì;Laura Puddu;;
A018;KB00303;13/06/2026;17/06/2026;4;2;2;1;1;1;FR;Booking.com;BO-442741;Confermata;575,00;520,00;10,00;45,00;101,70;Sì;Laura Puddu;;
A018;KB00304;17/06/2026;22/06/2026;5;2;1;0;1;0;GB;Airbnb;AI-656606;Confermata;715,00;650,00;10,00;55,00;105,75;Sì;Laura Puddu;;
A018;KB00305;25/06/2026;27/06/2026;2;2;4;1;3;1;NL;Airbnb;AI-949903;Confermata;355,00;260,00;15,00;80,00;51,00;Sì;Laura Puddu;;
A018;KB00306;27/06/2026;29/06/2026;2;2;2;1;1;1;NL;Booking.com;BO-445834;Confermata;345,00;260,00;5,00;80,00;61,20;Sì;Laura Puddu;;
A018;KB00307;02/07/2026;05/07/2026;3;2;2;0;2;0;US;Airbnb;AI-474146;Confermata;502,50;487,50;15,00;0,00;73,13;Sì;Laura Puddu;;
A018;KB00308;05/07/2026;08/07/2026;3;2;4;0;4;0;NL;Booking.com;BO-776554;Confermata;572,50;487,50;30,00;55,00;97,65;Sì;Laura Puddu;;
A018;KB00309;08/07/2026;15/07/2026;7;2;2;2;0;2;CH;Booking.com;BO-618422;Confermata;1182,50;1137,50;0,00;45,00;212,85;Sì;Laura Puddu;;
A018;KB00310;18/07/2026;20/07/2026;2;2;4;0;4;0;ES;Airbnb;AI-112331;Confermata;345,00;325,00;20,00;0,00;48,75;Sì;Laura Puddu;;
A018;KB00311;20/07/2026;23/07/2026;3;2;4;0;4;0;IT;Booking.com;BO-313673;Confermata;597,50;487,50;30,00;80,00;102,15;Sì;Laura Puddu;;
A018;KB00312;23/07/2026;26/07/2026;3;2;3;2;1;2;ES;Airbnb;AI-594205;Confermata;550,00;487,50;7,50;55,00;81,38;Sì;Laura Puddu;;
A018;KB00313;26/07/2026;29/07/2026;3;2;4;0;4;0;CH;Diretto;DI-674652;Confermata;587,50;487,50;30,00;70,00;0,00;No;Laura Puddu;;
A018;KB00314;30/07/2026;01/08/2026;2;2;4;0;4;0;IT;Booking.com;BO-727778;Confermata;415,00;325,00;20,00;70,00;71,10;Sì;Laura Puddu;;
A018;KB00315;01/08/2026;04/08/2026;3;2;3;0;3;0;DE;Booking.com;BO-516193;Confermata;457,50;390,00;22,50;45,00;78,30;Sì;Laura Puddu;;
A018;KB00316;04/08/2026;08/08/2026;4;2;1;0;1;0;US;Airbnb;AI-868866;Confermata;590,00;520,00;10,00;60,00;87,00;Sì;Laura Puddu;;
A018;KB00317;11/08/2026;13/08/2026;2;2;1;0;1;0;CH;Airbnb;AI-461895;Confermata;335,00;260,00;5,00;70,00;49,50;Sì;Laura Puddu;;
A018;KB00318;13/08/2026;15/08/2026;2;2;2;2;0;2;FR;Booking.com;BO-406716;Confermata;260,00;260,00;0,00;0,00;46,80;Sì;Laura Puddu;;
A018;KB00319;18/08/2026;22/08/2026;4;2;2;0;2;0;DE;Booking.com;BO-798467;Confermata;585,00;520,00;20,00;45,00;101,70;Sì;Laura Puddu;;
A018;KB00320;25/08/2026;01/09/2026;7;2;4;0;4;0;US;Airbnb;AI-885386;Confermata;1030,00;910,00;40,00;80,00;148,50;Sì;Laura Puddu;;
A019;KB00321;01/06/2026;08/06/2026;7;1;2;2;0;2;NL;Airbnb;AI-921936;Confermata;825,00;770,00;0,00;55,00;123,75;Sì;Davide Corda;;
A019;KB00322;09/06/2026;11/06/2026;2;1;2;0;2;0;IT;Airbnb;AI-392447;Confermata;290,00;220,00;10,00;60,00;42,00;Sì;Davide Corda;;
A019;KB00323;12/06/2026;14/06/2026;2;1;1;0;1;0;CH;Airbnb;AI-141422;Confermata;270,00;220,00;5,00;45,00;39,75;Sì;Davide Corda;;
A019;KB00324;15/06/2026;18/06/2026;3;1;2;0;2;0;FR;Airbnb;AI-584265;Confermata;390,00;330,00;15,00;45,00;56,25;Sì;Davide Corda;;
A019;KB00325;19/06/2026;21/06/2026;2;1;2;1;1;1;GB;Diretto;DI-213375;Confermata;270,00;220,00;5,00;45,00;0,00;No;Davide Corda;;
A019;KB00326;24/06/2026;28/06/2026;4;1;1;0;1;0;CH;Diretto;DI-837653;Confermata;495,00;440,00;10,00;45,00;0,00;No;Davide Corda;;
A019;KB00327;29/06/2026;01/07/2026;2;1;2;0;2;0;DE;Booking.com;BO-287068;Confermata;285,00;220,00;10,00;55,00;49,50;Sì;Davide Corda;;
A019;KB00328;03/07/2026;06/07/2026;3;1;1;0;1;0;ES;Airbnb;AI-803135;Confermata;465,00;412,50;7,50;45,00;68,63;Sì;Davide Corda;;
A019;KB00329;06/07/2026;13/07/2026;7;1;1;0;1;0;IT;Booking.com;BO-776095;Confermata;1052,50;962,50;10,00;80,00;187,65;Sì;Davide Corda;;
A019;KB00330;15/07/2026;18/07/2026;3;1;1;0;1;0;CH;Booking.com;BO-307990;Confermata;420,00;412,50;7,50;0,00;74,25;Sì;Davide Corda;;
A019;KB00331;20/07/2026;23/07/2026;3;1;2;0;2;0;CH;Booking.com;BO-198735;Confermata;472,50;412,50;15,00;45,00;82,35;Sì;Davide Corda;;
A019;KB00332;26/07/2026;31/07/2026;5;1;1;0;1;0;GB;Airbnb;AI-582121;Confermata;752,50;687,50;10,00;55,00;111,38;Sì;Davide Corda;;
A019;KB00333;02/08/2026;07/08/2026;5;1;1;0;1;0;US;Airbnb;AI-851893;Confermata;605,00;550,00;10,00;45,00;89,25;Sì;Davide Corda;;
A019;KB00334;08/08/2026;13/08/2026;5;1;2;0;2;0;ES;Airbnb;AI-243464;Confermata;630,00;550,00;20,00;60,00;91,50;Sì;Davide Corda;;
A019;KB00335;14/08/2026;18/08/2026;4;1;2;0;2;0;ES;Airbnb;AI-409910;Confermata;505,00;440,00;20,00;45,00;72,75;Sì;Davide Corda;;
A019;KB00336;19/08/2026;22/08/2026;3;1;1;0;1;0;FR;Booking.com;BO-206892;Confermata;392,50;330,00;7,50;55,00;69,30;Sì;Davide Corda;;
A019;KB00337;22/08/2026;25/08/2026;3;1;1;0;1;0;ES;Airbnb;AI-126249;Confermata;392,50;330,00;7,50;55,00;57,75;Sì;Davide Corda;;
A019;KB00338;26/08/2026;29/08/2026;3;1;1;0;1;0;NL;Booking.com;BO-998043;Confermata;407,50;330,00;7,50;70,00;72,00;Sì;Davide Corda;;
A019;KB00339;30/08/2026;01/09/2026;2;1;2;0;2;0;NL;Airbnb;AI-414332;Confermata;300,00;220,00;10,00;70,00;43,50;Sì;Davide Corda;;
A020;KB00340;01/06/2026;04/06/2026;3;2;3;0;3;0;DE;Diretto;DI-127335;Confermata;482,50;390,00;22,50;70,00;0,00;No;Silvia Mura;;
A020;KB00341;04/06/2026;07/06/2026;3;2;2;0;2;0;NL;Booking.com;BO-871613;Confermata;465,00;390,00;15,00;60,00;81,00;Sì;Silvia Mura;;
A020;KB00342;07/06/2026;10/06/2026;3;2;3;1;2;1;IT;Booking.com;BO-144036;Confermata;465,00;390,00;15,00;60,00;81,00;Sì;Silvia Mura;;
A020;KB00343;13/06/2026;16/06/2026;3;2;4;0;4;0;CH;Booking.com;BO-879377;Confermata;420,00;390,00;30,00;0,00;70,20;Sì;Silvia Mura;;
A020;KB00344;16/06/2026;19/06/2026;3;2;2;1;1;1;CH;Booking.com;BO-481899;Confermata;442,50;390,00;7,50;45,00;78,30;Sì;Silvia Mura;;
A020;KB00345;21/06/2026;24/06/2026;3;2;4;0;4;0;DE;Booking.com;BO-451596;Confermata;480,00;390,00;30,00;60,00;81,00;Sì;Silvia Mura;;
A020;KB00346;25/06/2026;29/06/2026;4;2;1;0;1;0;CH;Booking.com;BO-185063;Confermata;590,00;520,00;10,00;60,00;104,40;Sì;Silvia Mura;;
A020;KB00347;29/06/2026;02/07/2026;3;2;1;0;1;0;ES;Diretto;DI-243506;Confermata;467,50;390,00;7,50;70,00;0,00;No;Silvia Mura;;
A020;KB00348;03/07/2026;10/07/2026;7;2;3;0;3;0;CH;Booking.com;BO-803511;Confermata;1247,50;1137,50;30,00;80,00;219,15;Sì;Silvia Mura;;
A020;KB00349;10/07/2026;17/07/2026;7;2;3;2;1;2;DE;Booking.com;BO-694201;Confermata;1227,50;1137,50;10,00;80,00;219,15;Sì;Silvia Mura;;
A020;KB00350;19/07/2026;22/07/2026;3;2;2;1;1;1;US;Airbnb;AI-957361;Confermata;565,00;487,50;7,50;70,00;83,63;Sì;Silvia Mura;;
A020;KB00351;23/07/2026;28/07/2026;5;2;3;0;3;0;CH;Airbnb;AI-960261;Confermata;922,50;812,50;30,00;80,00;133,88;Sì;Silvia Mura;;
A020;KB00352;28/07/2026;31/07/2026;3;2;1;0;1;0;US;Airbnb;AI-828639;Confermata;550,00;487,50;7,50;55,00;81,38;Sì;Silvia Mura;;
A020;KB00353;31/07/2026;05/08/2026;5;2;2;0;2;0;DE;Diretto;DI-984143;Confermata;902,50;812,50;20,00;70,00;0,00;No;Silvia Mura;;
A020;KB00354;06/08/2026;08/08/2026;2;2;2;0;2;0;NL;Diretto;DI-977197;Confermata;350,00;260,00;10,00;80,00;0,00;No;Silvia Mura;;
A020;KB00355;09/08/2026;12/08/2026;3;2;4;0;4;0;DE;Airbnb;AI-272221;Confermata;475,00;390,00;30,00;55,00;66,75;Sì;Silvia Mura;;
A020;KB00356;15/08/2026;17/08/2026;2;2;1;0;1;0;GB;Diretto;DI-492613;Confermata;335,00;260,00;5,00;70,00;0,00;No;Silvia Mura;;
A020;KB00357;17/08/2026;22/08/2026;5;2;3;0;3;0;ES;Booking.com;BO-274097;Confermata;680,00;650,00;30,00;0,00;117,00;Sì;Silvia Mura;;
A020;KB00358;22/08/2026;24/08/2026;2;2;2;0;2;0;CH;Booking.com;BO-666260;Confermata;350,00;260,00;10,00;80,00;61,20;Sì;Silvia Mura;;
A020;KB00359;25/08/2026;28/08/2026;3;2;3;0;3;0;IT;Booking.com;BO-272301;Confermata;472,50;390,00;22,50;60,00;81,00;Sì;Silvia Mura;;
A020;KB00360;29/08/2026;01/09/2026;3;2;2;1;1;1;IT;Airbnb;AI-210719;Confermata;452,50;390,00;7,50;55,00;66,75;Sì;Silvia Mura;;
A021;KB00361;04/06/2026;06/06/2026;2;1;2;2;0;2;FR;Booking.com;BO-557998;Confermata;340,00;260,00;0,00;80,00;61,20;Sì;Andrea Fadda;;
A021;KB00362;06/06/2026;08/06/2026;2;1;2;1;1;1;GB;Airbnb;AI-615109;Confermata;335,00;260,00;5,00;70,00;49,50;Sì;Andrea Fadda;;
A021;KB00363;08/06/2026;10/06/2026;2;1;1;0;1;0;US;Airbnb;AI-138923;Confermata;310,00;260,00;5,00;45,00;45,75;Sì;Andrea Fadda;;
A021;KB00364;12/06/2026;16/06/2026;4;1;2;1;1;1;ES;Booking.com;BO-414983;Confermata;530,00;520,00;10,00;0,00;93,60;Sì;Andrea Fadda;;
A021;KB00365;18/06/2026;23/06/2026;5;1;2;0;2;0;NL;Airbnb;AI-663437;Confermata;740,00;650,00;20,00;70,00;108,00;Sì;Andrea Fadda;;
A021;KB00366;24/06/2026;28/06/2026;4;1;1;0;1;0;CH;Booking.com;BO-147525;Confermata;575,00;520,00;10,00;45,00;101,70;Sì;Andrea Fadda;;
A021;KB00367;28/06/2026;01/07/2026;3;1;2;0;2;0;CH;Booking.com;BO-125222;Confermata;465,00;390,00;15,00;60,00;81,00;Sì;Andrea Fadda;;
A021;KB00368;01/07/2026;06/07/2026;5;1;2;0;2;0;IT;Booking.com;BO-642124;Confermata;912,50;812,50;20,00;80,00;160,65;Sì;Andrea Fadda;;
A021;KB00369;06/07/2026;11/07/2026;5;1;2;2;0;2;NL;Booking.com;BO-426213;Confermata;812,50;812,50;0,00;0,00;146,25;Sì;Andrea Fadda;;
A021;KB00370;14/07/2026;17/07/2026;3;1;2;0;2;0;IT;Diretto;DI-946896;Confermata;572,50;487,50;15,00;70,00;0,00;No;Andrea Fadda;;
A021;KB00371;19/07/2026;26/07/2026;7;1;1;0;1;0;NL;Airbnb;AI-112073;Confermata;1192,50;1137,50;10,00;45,00;177,38;Sì;Andrea Fadda;;
A021;KB00372;26/07/2026;31/07/2026;5;1;1;0;1;0;FR;Booking.com;BO-381614;Confermata;902,50;812,50;10,00;80,00;160,65;Sì;Andrea Fadda;;
A021;KB00373;03/08/2026;10/08/2026;7;1;1;0;1;0;CH;Airbnb;AI-233814;Confermata;980,00;910,00;10,00;60,00;145,50;Sì;Andrea Fadda;;
A021;KB00374;11/08/2026;13/08/2026;2;1;2;0;2;0;ES;Diretto;DI-586787;Confermata;315,00;260,00;10,00;45,00;0,00;No;Andrea Fadda;;
A021;KB00375;16/08/2026;19/08/2026;3;1;2;0;2;0;FR;Booking.com;BO-403463;Confermata;460,00;390,00;15,00;55,00;80,10;Sì;Andrea Fadda;;
A021;KB00376;20/08/2026;23/08/2026;3;1;1;0;1;0;IT;Booking.com;BO-825417;Annullata;452,50;390,00;7,50;55,00;80,10;Sì;Andrea Fadda;;
A021;KB00377;26/08/2026;28/08/2026;2;1;1;0;1;0;GB;Airbnb;AI-645034;Confermata;310,00;260,00;5,00;45,00;45,75;Sì;Andrea Fadda;;
A022;KB00378;04/06/2026;08/06/2026;4;2;3;0;3;0;CH;Booking.com;BO-423176;Confermata;675,00;600,00;30,00;45,00;116,10;Sì;Martina Usai;;
A022;KB00379;10/06/2026;13/06/2026;3;2;3;0;3;0;DE;Booking.com;BO-555488;Confermata;542,50;450,00;22,50;70,00;93,60;Sì;Martina Usai;;
A022;KB00380;14/06/2026;17/06/2026;3;2;2;0;2;0;CH;Diretto;DI-628817;Confermata;510,00;450,00;15,00;45,00;0,00;No;Martina Usai;;
A022;KB00381;18/06/2026;22/06/2026;4;2;2;0;2;0;NL;Booking.com;BO-463682;Confermata;620,00;600,00;20,00;0,00;108,00;Sì;Martina Usai;;
A022;KB00382;23/06/2026;30/06/2026;7;2;3;0;3;0;US;Airbnb;AI-676759;Confermata;1140,00;1050,00;30,00;60,00;166,50;Sì;Martina Usai;;
A022;KB00383;02/07/2026;06/07/2026;4;2;4;2;2;2;GB;Airbnb;AI-588266;Confermata;850,00;750,00;20,00;80,00;124,50;Sì;Martina Usai;;
A022;KB00384;06/07/2026;09/07/2026;3;2;4;0;4;0;FR;Airbnb;AI-624270;Confermata;672,50;562,50;30,00;80,00;96,38;Sì;Martina Usai;;
A022;KB00385;10/07/2026;15/07/2026;5;2;1;0;1;0;NL;Booking.com;BO-354246;Confermata;947,50;937,50;10,00;0,00;168,75;Sì;Martina Usai;;
A022;KB00386;15/07/2026;20/07/2026;5;2;1;0;1;0;CH;Booking.com;BO-107908;Confermata;1007,50;937,50;10,00;60,00;179,55;Sì;Martina Usai;;
A022;KB00387;23/07/2026;27/07/2026;4;2;4;2;2;2;IT;Booking.com;BO-264667;Confermata;815,00;750,00;20,00;45,00;143,10;Sì;Martina Usai;;
A022;KB00388;27/07/2026;30/07/2026;3;2;2;0;2;0;GB;Airbnb;AI-116054;Confermata;632,50;562,50;15,00;55,00;92,63;Sì;Martina Usai;;
A022;KB00389;02/08/2026;09/08/2026;7;2;1;0;1;0;DE;Airbnb;AI-367526;Confermata;1115,00;1050,00;10,00;55,00;165,75;Sì;Martina Usai;;
A022;KB00390;11/08/2026;16/08/2026;5;2;1;0;1;0;NL;Airbnb;AI-286631;Confermata;830,00;750,00;10,00;70,00;123,00;Sì;Martina Usai;;
A022;KB00391;19/08/2026;26/08/2026;7;2;2;2;0;2;CH;Booking.com;BO-620190;Confermata;1120,00;1050,00;0,00;70,00;201,60;Sì;Martina Usai;;
A022;KB00392;27/08/2026;29/08/2026;2;2;4;0;4;0;FR;Airbnb;AI-132576;Confermata;390,00;300,00;20,00;70,00;55,50;Sì;Martina Usai;;
A023;KB00393;01/06/2026;04/06/2026;3;1;3;0;3;0;NL;Airbnb;AI-913964;Confermata;347,50;255,00;22,50;70,00;48,75;Sì;Luca Atzori;;
A023;KB00394;04/06/2026;08/06/2026;4;1;2;1;1;1;DE;Airbnb;AI-936132;Confermata;430,00;340,00;10,00;80,00;63,00;Sì;Luca Atzori;;
A023;KB00395;09/06/2026;13/06/2026;4;1;3;0;3;0;IT;Airbnb;AI-141184;Confermata;370,00;340,00;30,00;0,00;51,00;Sì;Luca Atzori;;
A023;KB00396;14/06/2026;16/06/2026;2;1;2;2;0;2;ES;Airbnb;AI-715116;Confermata;225,00;170,00;0,00;55,00;33,75;Sì;Luca Atzori;;
A023;KB00397;16/06/2026;23/06/2026;7;1;1;0;1;0;CH;Booking.com;BO-873418;Confermata;685,00;595,00;10,00;80,00;121,50;Sì;Luca Atzori;;
A023;KB00398;26/06/2026;01/07/2026;5;1;2;2;0;2;NL;Airbnb;AI-102849;Confermata;495,00;425,00;0,00;70,00;74,25;Sì;Luca Atzori;;
A023;KB00399;01/07/2026;08/07/2026;7;1;3;2;1;2;NL;Booking.com;BO-875683;Confermata;808,75;743,75;10,00;55,00;143,78;Sì;Luca Atzori;;
A023;KB00400;09/07/2026;16/07/2026;7;1;2;2;0;2;IT;Booking.com;BO-832322;Confermata;823,75;743,75;0,00;80,00;148,28;Sì;Luca Atzori;;
A023;KB00401;19/07/2026;21/07/2026;2;1;1;0;1;0;FR;Booking.com;BO-469992;Annullata;272,50;212,50;5,00;55,00;48,15;Sì;Luca Atzori;;
A023;KB00402;21/07/2026;24/07/2026;3;1;3;2;1;2;FR;Booking.com;BO-262829;Confermata;326,25;318,75;7,50;0,00;57,38;Sì;Luca Atzori;;
A023;KB00403;26/07/2026;28/07/2026;2;1;1;0;1;0;NL;Diretto;DI-959278;Confermata;262,50;212,50;5,00;45,00;0,00;No;Luca Atzori;;
A023;KB00404;29/07/2026;03/08/2026;5;1;3;0;3;0;GB;Booking.com;BO-424521;Confermata;561,25;531,25;30,00;0,00;95,63;Sì;Luca Atzori;;
A023;KB00405;03/08/2026;10/08/2026;7;1;2;0;2;0;GB;Booking.com;BO-770502;Confermata;660,00;595,00;20,00;45,00;115,20;Sì;Luca Atzori;;
A023;KB00406;11/08/2026;18/08/2026;7;1;2;0;2;0;GB;Diretto;DI-408788;Confermata;615,00;595,00;20,00;0,00;0,00;No;Luca Atzori;;
A023;KB00407;18/08/2026;21/08/2026;3;1;2;0;2;0;GB;Booking.com;BO-107709;Confermata;315,00;255,00;15,00;45,00;54,00;Sì;Luca Atzori;;
A023;KB00408;22/08/2026;29/08/2026;7;1;1;0;1;0;ES;Airbnb;AI-134685;Confermata;665,00;595,00;10,00;60,00;98,25;Sì;Luca Atzori;;
A024;KB00409;02/06/2026;04/06/2026;2;2;4;1;3;1;DE;Booking.com;BO-114081;Confermata;315,00;220,00;15,00;80,00;54,00;Sì;Valentina Congiu;;
A024;KB00410;05/06/2026;07/06/2026;2;2;2;0;2;0;CH;Airbnb;AI-533730;Confermata;300,00;220,00;10,00;70,00;43,50;Sì;Valentina Congiu;;
A024;KB00411;08/06/2026;11/06/2026;3;2;3;0;3;0;DE;Booking.com;BO-456146;Confermata;412,50;330,00;22,50;60,00;70,20;Sì;Valentina Congiu;;
A024;KB00412;11/06/2026;14/06/2026;3;2;2;0;2;0;DE;Airbnb;AI-789291;Confermata;345,00;330,00;15,00;0,00;49,50;Sì;Valentina Congiu;;
A024;KB00413;14/06/2026;17/06/2026;3;2;2;0;2;0;IT;Booking.com;BO-387446;Confermata;390,00;330,00;15,00;45,00;67,50;Sì;Valentina Congiu;;
A024;KB00414;17/06/2026;21/06/2026;4;2;3;0;3;0;FR;Diretto;DI-888005;Confermata;515,00;440,00;30,00;45,00;0,00;No;Valentina Congiu;;
A024;KB00415;24/06/2026;27/06/2026;3;2;4;0;4;0;FR;Booking.com;BO-264084;Confermata;360,00;330,00;30,00;0,00;59,40;Sì;Valentina Congiu;;
A024;KB00416;28/06/2026;03/07/2026;5;2;1;0;1;0;CH;Airbnb;AI-930481;Confermata;605,00;550,00;10,00;45,00;89,25;Sì;Valentina Congiu;;
A024;KB00417;03/07/2026;06/07/2026;3;2;3;0;3;0;FR;Booking.com;BO-344309;Confermata;505,00;412,50;22,50;70,00;86,85;Sì;Valentina Congiu;;
A024;KB00418;09/07/2026;12/07/2026;3;2;4;1;3;1;DE;Airbnb;AI-257031;Confermata;490,00;412,50;22,50;55,00;70,13;Sì;Valentina Congiu;;
A024;KB00419;14/07/2026;19/07/2026;5;2;4;1;3;1;GB;Booking.com;BO-737220;Confermata;762,50;687,50;30,00;45,00;131,85;Sì;Valentina Congiu;;
A024;KB00420;20/07/2026;27/07/2026;7;2;1;0;1;0;GB;Airbnb;AI-942381;Confermata;1027,50;962,50;10,00;55,00;152,63;Sì;Valentina Congiu;;
A024;KB00421;27/07/2026;30/07/2026;3;2;4;1;3;1;DE;Booking.com;BO-971067;Confermata;490,00;412,50;22,50;55,00;84,15;Sì;Valentina Congiu;;
A024;KB00422;31/07/2026;03/08/2026;3;2;2;1;1;1;NL;Booking.com;BO-326741;Confermata;465,00;412,50;7,50;45,00;82,35;Sì;Valentina Congiu;;
A024;KB00423;04/08/2026;07/08/2026;3;2;2;0;2;0;DE;Booking.com;BO-894890;Confermata;425,00;330,00;15,00;80,00;73,80;Sì;Valentina Congiu;;
A024;KB00424;09/08/2026;13/08/2026;4;2;1;0;1;0;US;Diretto;DI-156966;Confermata;505,00;440,00;10,00;55,00;0,00;No;Valentina Congiu;;
A024;KB00425;14/08/2026;17/08/2026;3;2;4;0;4;0;IT;Airbnb;AI-510684;Confermata;440,00;330,00;30,00;80,00;61,50;Sì;Valentina Congiu;;
A024;KB00426;19/08/2026;22/08/2026;3;2;4;0;4;0;GB;Booking.com;BO-704585;Confermata;415,00;330,00;30,00;55,00;69,30;Sì;Valentina Congiu;;
A024;KB00427;25/08/2026;29/08/2026;4;2;1;0;1;0;ES;Airbnb;AI-313422;Confermata;450,00;440,00;10,00;0,00;66,00;Sì;Valentina Congiu;;
A025;KB00428;04/06/2026;09/06/2026;5;1;1;0;1;0;GB;Airbnb;AI-740879;Confermata;840,00;750,00;10,00;80,00;124,50;Sì;Massimo Carta;;
A025;KB00429;10/06/2026;13/06/2026;3;1;1;0;1;0;CH;Booking.com;BO-255515;Confermata;512,50;450,00;7,50;55,00;90,90;Sì;Massimo Carta;;
A025;KB00430;14/06/2026;16/06/2026;2;1;1;0;1;0;DE;Airbnb;AI-468613;Confermata;385,00;300,00;5,00;80,00;57,00;Sì;Massimo Carta;;
A025;KB00431;16/06/2026;21/06/2026;5;1;2;0;2;0;DE;Booking.com;BO-102654;Confermata;840,00;750,00;20,00;70,00;147,60;Sì;Massimo Carta;;
A025;KB00432;23/06/2026;30/06/2026;7;1;2;0;2;0;US;Booking.com;BO-876662;Confermata;1140,00;1050,00;20,00;70,00;201,60;Sì;Massimo Carta;;
A025;KB00433;02/07/2026;04/07/2026;2;1;1;0;1;0;GB;Booking.com;BO-616847;Confermata;380,00;375,00;5,00;0,00;67,50;Sì;Massimo Carta;;
A025;KB00434;04/07/2026;08/07/2026;4;1;1;0;1;0;ES;Booking.com;BO-587841;Confermata;805,00;750,00;10,00;45,00;143,10;Sì;Massimo Carta;;
A025;KB00435;10/07/2026;15/07/2026;5;1;2;1;1;1;FR;Airbnb;AI-454511;Annullata;1002,50;937,50;10,00;55,00;148,88;Sì;Massimo Carta;;
A025;KB00436;15/07/2026;17/07/2026;2;1;2;0;2;0;NL;Airbnb;AI-435899;Confermata;465,00;375,00;10,00;80,00;68,25;Sì;Massimo Carta;;
A025;KB00437;18/07/2026;21/07/2026;3;1;2;0;2;0;US;Diretto;DI-179647;Confermata;637,50;562,50;15,00;60,00;0,00;No;Massimo Carta;;
A025;KB00438;24/07/2026;27/07/2026;3;1;2;1;1;1;NL;Booking.com;BO-419421;Confermata;615,00;562,50;7,50;45,00;109,35;Sì;Massimo Carta;;
A025;KB00439;28/07/2026;01/08/2026;4;1;1;0;1;0;CH;Diretto;DI-932477;Confermata;815,00;750,00;10,00;55,00;0,00;No;Massimo Carta;;
A025;KB00440;01/08/2026;05/08/2026;4;1;2;1;1;1;NL;Airbnb;AI-906809;Confermata;690,00;600,00;10,00;80,00;102,00;Sì;Massimo Carta;;
A025;KB00441;07/08/2026;09/08/2026;2;1;1;0;1;0;GB;Airbnb;AI-388954;Annullata;365,00;300,00;5,00;60,00;54,00;Sì;Massimo Carta;;
A025;KB00442;09/08/2026;16/08/2026;7;1;1;0;1;0;FR;Booking.com;BO-558822;Confermata;1120,00;1050,00;10,00;60,00;199,80;Sì;Massimo Carta;;
A025;KB00443;19/08/2026;24/08/2026;5;1;2;0;2;0;FR;Airbnb;AI-786747;Confermata;825,00;750,00;20,00;55,00;120,75;Sì;Massimo Carta;;
A025;KB00444;27/08/2026;31/08/2026;4;1;1;0;1;0;CH;Booking.com;BO-236541;Confermata;610,00;600,00;10,00;0,00;108,00;Sì;Massimo Carta;;
A026;KB00445;04/06/2026;06/06/2026;2;2;3;1;2;1;FR;Airbnb;AI-939729;Confermata;355,00;300,00;10,00;45,00;51,75;Sì;Sara Manca;;
A026;KB00446;07/06/2026;10/06/2026;3;2;2;2;0;2;DE;Booking.com;BO-359373;Confermata;505,00;450,00;0,00;55,00;90,90;Sì;Sara Manca;;
A026;KB00447;11/06/2026;18/06/2026;7;2;5;0;5;0;NL;Diretto;DI-751634;Confermata;1155,00;1050,00;50,00;55,00;0,00;No;Sara Manca;;
A026;KB00448;20/06/2026;27/06/2026;7;2;1;0;1;0;ES;Booking.com;BO-602628;Confermata;1140,00;1050,00;10,00;80,00;203,40;Sì;Sara Manca;;
A026;KB00449;27/06/2026;30/06/2026;3;2;2;1;1;1;ES;Airbnb;AI-903523;Confermata;537,50;450,00;7,50;80,00;79,50;Sì;Sara Manca;;
A026;KB00450;30/06/2026;03/07/2026;3;2;2;0;2;0;CH;Booking.com;BO-706297;Confermata;545,00;450,00;15,00;80,00;95,40;Sì;Sara Manca;;
A026;KB00451;04/07/2026;09/07/2026;5;2;2;1;1;1;CH;Booking.com;BO-449127;Confermata;1007,50;937,50;10,00;60,00;179,55;Sì;Sara Manca;;
A026;KB00452;10/07/2026;13/07/2026;3;2;1;0;1;0;IT;Airbnb;AI-607692;Confermata;570,00;562,50;7,50;0,00;84,38;Sì;Sara Manca;;
A026;KB00453;13/07/2026;15/07/2026;2;2;4;0;4;0;GB;Booking.com;BO-426618;Confermata;440,00;375,00;20,00;45,00;75,60;Sì;Sara Manca;;
A026;KB00454;16/07/2026;20/07/2026;4;2;4;0;4;0;IT;Airbnb;AI-627888;Confermata;845,00;750,00;40,00;55,00;120,75;Sì;Sara Manca;;
A026;KB00455;21/07/2026;25/07/2026;4;2;5;0;5;0;US;Airbnb;AI-847770;Confermata;855,00;750,00;50,00;55,00;120,75;Sì;Sara Manca;;
A026;KB00456;26/07/2026;30/07/2026;4;2;3;2;1;2;GB;Booking.com;BO-889227;Confermata;815,00;750,00;10,00;55,00;144,90;Sì;Sara Manca;;
A026;KB00457;30/07/2026;02/08/2026;3;2;5;0;5;0;ES;Diretto;DI-171521;Confermata;645,00;562,50;37,50;45,00;0,00;No;Sara Manca;;
A026;KB00458;02/08/2026;06/08/2026;4;2;3;0;3;0;ES;Booking.com;BO-681049;Confermata;630,00;600,00;30,00;0,00;108,00;Sì;Sara Manca;;
A026;KB00459;06/08/2026;10/08/2026;4;2;2;0;2;0;FR;Airbnb;AI-952877;Confermata;690,00;600,00;20,00;70,00;100,50;Sì;Sara Manca;;
A026;KB00460;11/08/2026;16/08/2026;5;2;1;0;1;0;ES;Booking.com;BO-557942;Confermata;815,00;750,00;10,00;55,00;144,90;Sì;Sara Manca;;
A026;KB00461;16/08/2026;19/08/2026;3;2;3;1;2;1;CH;Airbnb;AI-324399;Confermata;525,00;450,00;15,00;60,00;76,50;Sì;Sara Manca;;
A026;KB00462;20/08/2026;27/08/2026;7;2;2;0;2;0;GB;Airbnb;AI-294931;Confermata;1115,00;1050,00;20,00;45,00;164,25;Sì;Sara Manca;;
A026;KB00463;27/08/2026;29/08/2026;2;2;5;0;5;0;NL;Airbnb;AI-872168;Confermata;385,00;300,00;25,00;60,00;54,00;Sì;Sara Manca;;
A027;KB00464;01/06/2026;04/06/2026;3;1;1;0;1;0;CH;Booking.com;BO-569793;Annullata;337,50;330,00;7,50;0,00;59,40;Sì;Giorgio Lai;;
A027;KB00465;05/06/2026;08/06/2026;3;1;2;0;2;0;GB;Airbnb;AI-541428;Confermata;400,00;330,00;15,00;55,00;57,75;Sì;Giorgio Lai;;
A027;KB00466;10/06/2026;15/06/2026;5;1;2;0;2;0;DE;Airbnb;AI-842306;Confermata;630,00;550,00;20,00;60,00;91,50;Sì;Giorgio Lai;;
A027;KB00467;16/06/2026;18/06/2026;2;1;1;0;1;0;GB;Airbnb;AI-847651;Confermata;285,00;220,00;5,00;60,00;42,00;Sì;Giorgio Lai;;
A027;KB00468;18/06/2026;21/06/2026;3;1;1;0;1;0;IT;Diretto;DI-656039;Confermata;392,50;330,00;7,50;55,00;0,00;No;Giorgio Lai;;
A027;KB00469;24/06/2026;27/06/2026;3;1;2;0;2;0;IT;Airbnb;AI-891411;Confermata;425,00;330,00;15,00;80,00;61,50;Sì;Giorgio Lai;;
A027;KB00470;27/06/2026;30/06/2026;3;1;1;0;1;0;IT;Airbnb;AI-386153;Confermata;397,50;330,00;7,50;60,00;58,50;Sì;Giorgio Lai;;
A027;KB00471;02/07/2026;06/07/2026;4;1;1;0;1;0;DE;Booking.com;BO-335286;Confermata;640,00;550,00;10,00;80,00;113,40;Sì;Giorgio Lai;;
A027;KB00472;07/07/2026;11/07/2026;4;1;1;0;1;0;US;Diretto;DI-969655;Confermata;620,00;550,00;10,00;60,00;0,00;No;Giorgio Lai;;
A027;KB00473;12/07/2026;17/07/2026;5;1;1;0;1;0;FR;Airbnb;AI-231314;Confermata;757,50;687,50;10,00;60,00;112,13;Sì;Giorgio Lai;;
A027;KB00474;18/07/2026;21/07/2026;3;1;1;0;1;0;IT;Booking.com;BO-729506;Confermata;500,00;412,50;7,50;80,00;88,65;Sì;Giorgio Lai;;
A027;KB00475;23/07/2026;28/07/2026;5;1;1;0;1;0;FR;Diretto;DI-447216;Confermata;742,50;687,50;10,00;45,00;0,00;No;Giorgio Lai;;
A027;KB00476;29/07/2026;01/08/2026;3;1;2;0;2;0;FR;Airbnb;AI-537031;Confermata;482,50;412,50;15,00;55,00;70,13;Sì;Giorgio Lai;;
A027;KB00477;04/08/2026;07/08/2026;3;1;1;0;1;0;DE;Booking.com;BO-258762;Confermata;392,50;330,00;7,50;55,00;69,30;Sì;Giorgio Lai;;
A028;KB00478;01/06/2026;08/06/2026;7;2;3;0;3;0;US;Airbnb;AI-133326;Confermata;1317,81;1257,81;0,00;60,00;197,67;Sì;Alessia Spano;;
A028;KB00479;08/06/2026;10/06/2026;2;2;2;0;2;0;NL;Booking.com;BO-331148;Confermata;415,28;345,28;10,00;60,00;72,95;Sì;Alessia Spano;;
A028;KB00480;13/06/2026;19/06/2026;6;2;3;0;3;0;GB;Booking.com;BO-452944;Confermata;1080,66;945,66;45,00;90,00;186,42;Sì;Alessia Spano;;
A028;KB00481;19/06/2026;21/06/2026;2;2;4;0;4;0;FR;Airbnb;AI-230889;Confermata;442,57;352,57;20,00;70,00;63,39;Sì;Alessia Spano;;
A028;KB00482;24/06/2026;26/06/2026;2;2;3;2;1;2;FR;Diretto;DI-910620;Confermata;389,37;344,37;0,00;45,00;0,00;No;Alessia Spano;;
A028;KB00483;28/06/2026;30/06/2026;2;2;2;0;2;0;IT;Airbnb;AI-802729;Confermata;372,19;317,19;10,00;45,00;54,33;Sì;Alessia Spano;;
A028;KB00484;02/07/2026;09/07/2026;7;2;1;0;1;0;GB;Booking.com;BO-771088;Confermata;1149,05;1076,55;17,50;55,00;203,68;Sì;Alessia Spano;;
A028;KB00485;13/07/2026;16/07/2026;3;2;3;0;3;0;NL;Airbnb;AI-852787;Confermata;550,14;480,14;0,00;70,00;82,52;Sì;Alessia Spano;;
A028;KB00486;18/07/2026;21/07/2026;3;2;4;1;3;1;IT;Diretto;DI-375504;Confermata;541,26;448,76;22,50;70,00;0,00;No;Alessia Spano;;
A028;KB00487;25/07/2026;30/07/2026;5;2;4;0;4;0;GB;Airbnb;AI-260265;Confermata;738,18;738,18;0,00;0,00;110,73;Sì;Alessia Spano;;
A028;KB00488;31/07/2026;07/08/2026;7;2;4;2;2;2;CH;Airbnb;AI-112038;Confermata;1244,05;1139,05;35,00;70,00;181,36;Sì;Alessia Spano;;
A028;KB00489;07/08/2026;14/08/2026;7;2;3;0;3;0;CH;Airbnb;AI-376183;Confermata;1141,41;1008,91;52,50;80,00;163,34;Sì;Alessia Spano;;
A028;KB00490;18/08/2026;21/08/2026;3;2;1;0;1;0;ES;Diretto;DI-899550;Confermata;555,42;492,92;7,50;55,00;0,00;No;Alessia Spano;;
A028;KB00491;22/08/2026;28/08/2026;6;2;1;0;1;0;IT;Booking.com;BO-945964;Annullata;1191,98;1086,98;15,00;90,00;211,86;Sì;Alessia Spano;;
A029;KB00492;05/06/2026;07/06/2026;2;1;1;0;1;0;US;Booking.com;BO-598369;Confermata;282,50;202,50;0,00;80,00;50,85;Sì;Immobiliare Tirso Srl;;
A029;KB00493;11/06/2026;14/06/2026;3;1;2;2;0;2;CH;Diretto;DI-310922;Confermata;412,88;332,88;0,00;80,00;0,00;No;Immobiliare Tirso Srl;;
A029;KB00494;16/06/2026;21/06/2026;5;1;3;0;3;0;IT;Airbnb;AI-680828;Confermata;576,03;468,53;37,50;70,00;80,78;Sì;Immobiliare Tirso Srl;;
A029;KB00495;22/06/2026;28/06/2026;6;1;1;0;1;0;NL;Airbnb;AI-639131;Confermata;677,30;662,30;15,00;0,00;99,34;Sì;Immobiliare Tirso Srl;;
A029;KB00496;29/06/2026;03/07/2026;4;1;3;1;2;1;GB;Airbnb;AI-922733;Confermata;504,27;439,27;20,00;45,00;72,64;Sì;Immobiliare Tirso Srl;;
A029;KB00497;06/07/2026;11/07/2026;5;1;1;0;1;0;CH;Airbnb;AI-806073;Confermata;503,86;491,36;12,50;0,00;73,70;Sì;Immobiliare Tirso Srl;;
A029;KB00498;11/07/2026;13/07/2026;2;1;2;0;2;0;US;Booking.com;BO-292401;Confermata;255,72;185,72;10,00;60,00;44,23;Sì;Immobiliare Tirso Srl;;
A029;KB00499;15/07/2026;20/07/2026;5;1;1;0;1;0;US;Diretto;DI-783823;Confermata;559,02;546,52;12,50;0,00;0,00;No;Immobiliare Tirso Srl;;
A029;KB00500;24/07/2026;26/07/2026;2;1;1;0;1;0;DE;Diretto;DI-161483;Confermata;265,20;200,20;5,00;60,00;0,00;No;Immobiliare Tirso Srl;;
A029;KB00501;27/07/2026;01/08/2026;5;1;1;0;1;0;ES;Diretto;DI-865990;Confermata;629,68;537,18;12,50;80,00;0,00;No;Immobiliare Tirso Srl;;
A029;KB00502;05/08/2026;12/08/2026;7;1;3;1;2;1;ES;Airbnb;AI-884309;Confermata;662,43;627,43;35,00;0,00;94,11;Sì;Immobiliare Tirso Srl;;
A029;KB00503;14/08/2026;16/08/2026;2;1;1;0;1;0;GB;Booking.com;BO-723939;Annullata;206,28;201,28;5,00;0,00;36,23;Sì;Immobiliare Tirso Srl;;
A029;KB00504;16/08/2026;23/08/2026;7;1;1;0;1;0;DE;Airbnb;AI-712024;Confermata;704,22;624,22;0,00;80,00;105,63;Sì;Immobiliare Tirso Srl;;
A030;KB00505;02/06/2026;09/06/2026;7;1;3;0;3;0;CH;Airbnb;AI-176066;Confermata;996,91;854,41;52,50;90,00;141,66;Sì;Immobiliare Tirso Srl;;
A030;KB00506;09/06/2026;14/06/2026;5;1;3;2;1;2;US;Diretto;DI-172132;Confermata;645,22;590,22;0,00;55,00;0,00;No;Immobiliare Tirso Srl;;
A030;KB00507;15/06/2026;19/06/2026;4;1;2;0;2;0;ES;Airbnb;AI-800305;Confermata;547,53;527,53;20,00;0,00;79,13;Sì;Immobiliare Tirso Srl;;
A030;KB00508;23/06/2026;27/06/2026;4;1;3;0;3;0;GB;Diretto;DI-385577;Confermata;591,32;516,32;30,00;45,00;0,00;No;Immobiliare Tirso Srl;;
A030;KB00509;29/06/2026;05/07/2026;6;1;1;0;1;0;DE;Booking.com;BO-987204;Confermata;838,13;768,13;15,00;55,00;148,16;Sì;Immobiliare Tirso Srl;;
A030;KB00510;05/07/2026;07/07/2026;2;1;3;1;2;1;NL;Booking.com;BO-269430;Annullata;316,34;251,34;10,00;55,00;55,14;Sì;Immobiliare Tirso Srl;;
A030;KB00511;10/07/2026;16/07/2026;6;1;3;1;2;1;US;Booking.com;BO-137778;Annullata;873,34;773,34;30,00;70,00;151,80;Sì;Immobiliare Tirso Srl;;
A030;KB00512;18/07/2026;24/07/2026;6;1;3;0;3;0;NL;Airbnb;AI-141832;Confermata;911,07;776,07;45,00;90,00;129,91;Sì;Immobiliare Tirso Srl;;
A030;KB00513;26/07/2026;29/07/2026;3;1;3;0;3;0;FR;Booking.com;BO-885884;Confermata;479,26;386,76;22,50;70,00;82,22;Sì;Immobiliare Tirso Srl;;
A030;KB00514;30/07/2026;02/08/2026;3;1;1;0;1;0;GB;Diretto;DI-920391;Confermata;375,14;312,64;7,50;55,00;0,00;No;Immobiliare Tirso Srl;;
A030;KB00515;05/08/2026;12/08/2026;7;1;3;0;3;0;US;Airbnb;AI-956253;Confermata;829,79;732,29;52,50;45,00;116,59;Sì;Immobiliare Tirso Srl;;
A030;KB00516;15/08/2026;19/08/2026;4;1;2;0;2;0;DE;Airbnb;AI-392683;Confermata;536,04;446,04;0,00;90,00;80,41;Sì;Immobiliare Tirso Srl;;
A030;KB00517;21/08/2026;28/08/2026;7;1;3;1;2;1;FR;Booking.com;BO-708792;Confermata;827,71;747,71;35,00;45,00;142,69;Sì;Immobiliare Tirso Srl;;
A031;KB00518;04/06/2026;08/06/2026;4;2;3;1;2;1;US;Booking.com;BO-557239;Confermata;626,25;526,25;20,00;80,00;109,12;Sì;Nicola Vargiu;;
A031;KB00519;08/06/2026;14/06/2026;6;2;2;0;2;0;FR;Airbnb;AI-631756;Confermata;860,78;805,78;0,00;55,00;129,12;Sì;Nicola Vargiu;;
A031;KB00520;16/06/2026;23/06/2026;7;2;4;0;4;0;ES;Airbnb;AI-810219;Confermata;966,10;836,10;70,00;60,00;134,41;Sì;Nicola Vargiu;;
A031;KB00521;24/06/2026;30/06/2026;6;2;3;1;2;1;NL;Booking.com;BO-786508;Confermata;820,12;720,12;30,00;70,00;142,22;Sì;Nicola Vargiu;;
A031;KB00522;02/07/2026;07/07/2026;5;2;4;1;3;1;IT;Booking.com;BO-188914;Confermata;835,67;718,17;37,50;80,00;143,67;Sì;Nicola Vargiu;;
A031;KB00523;09/07/2026;15/07/2026;6;2;3;0;3;0;DE;Booking.com;BO-148458;Confermata;767,86;722,86;45,00;0,00;130,11;Sì;Nicola Vargiu;;
A031;KB00524;16/07/2026;21/07/2026;5;2;1;0;1;0;DE;Booking.com;BO-787926;Confermata;684,98;627,48;12,50;45,00;121,05;Sì;Nicola Vargiu;;
A031;KB00525;21/07/2026;23/07/2026;2;2;4;0;4;0;IT;Airbnb;AI-239816;Annullata;322,50;242,50;20,00;60,00;45,38;Sì;Nicola Vargiu;;
A031;KB00526;26/07/2026;02/08/2026;7;2;3;1;2;1;CH;Booking.com;BO-597732;Confermata;1029,61;914,61;35,00;80,00;179,03;Sì;Nicola Vargiu;;
A031;KB00527;05/08/2026;09/08/2026;4;2;2;0;2;0;IT;Booking.com;BO-345884;Confermata;543,20;488,20;0,00;55,00;97,78;Sì;Nicola Vargiu;;
A031;KB00528;11/08/2026;15/08/2026;4;2;3;2;1;2;GB;Airbnb;AI-535020;Confermata;551,04;541,04;10,00;0,00;81,16;Sì;Nicola Vargiu;;
A031;KB00529;18/08/2026;22/08/2026;4;2;4;1;3;1;CH;Airbnb;AI-998348;Confermata;580,59;550,59;30,00;0,00;82,59;Sì;Nicola Vargiu;;
A031;KB00530;26/08/2026;31/08/2026;5;2;4;0;4;0;ES;Diretto;DI-664365;Confermata;811,42;701,42;50,00;60,00;0,00;No;Nicola Vargiu;;
A032;KB00531;05/06/2026;11/06/2026;6;2;2;1;1;1;CH;Airbnb;AI-523956;Confermata;1104,21;999,21;15,00;90,00;163,38;Sì;Nicola Vargiu;;
A032;KB00532;12/06/2026;17/06/2026;5;2;2;2;0;2;CH;Booking.com;BO-242291;Confermata;949,90;889,90;0,00;60,00;170,98;Sì;Nicola Vargiu;;
A032;KB00533;20/06/2026;23/06/2026;3;2;1;0;1;0;FR;Airbnb;AI-391773;Confermata;559,34;491,84;7,50;60,00;82,78;Sì;Nicola Vargiu;;
A032;KB00534;26/06/2026;30/06/2026;4;2;1;0;1;0;NL;Booking.com;BO-783414;Confermata;759,64;659,64;10,00;90,00;134,94;Sì;Nicola Vargiu;;
A032;KB00535;30/06/2026;02/07/2026;2;2;2;0;2;0;GB;Booking.com;BO-587623;Confermata;385,14;340,14;0,00;45,00;69,33;Sì;Nicola Vargiu;;
A032;KB00536;04/07/2026;08/07/2026;4;2;2;2;0;2;US;Booking.com;BO-126925;Confermata;698,55;628,55;0,00;70,00;125,74;Sì;Nicola Vargiu;;
A032;KB00537;10/07/2026;16/07/2026;6;2;4;1;3;1;DE;Diretto;DI-831059;Annullata;1119,80;1074,80;45,00;0,00;0,00;No;Nicola Vargiu;;
A032;KB00538;18/07/2026;25/07/2026;7;2;1;0;1;0;NL;Booking.com;BO-778998;Confermata;1264,79;1177,29;17,50;70,00;224,51;Sì;Nicola Vargiu;;
A032;KB00539;27/07/2026;29/07/2026;2;2;4;1;3;1;FR;Airbnb;AI-284692;Confermata;444,80;369,80;15,00;60,00;64,47;Sì;Nicola Vargiu;;
A032;KB00540;02/08/2026;09/08/2026;7;2;3;2;1;2;IT;Booking.com;BO-993085;Confermata;1365,92;1293,42;17,50;55,00;242,72;Sì;Nicola Vargiu;;
A032;KB00541;10/08/2026;12/08/2026;2;2;3;1;2;1;IT;Airbnb;AI-992288;Confermata;426,39;356,39;10,00;60,00;62,46;Sì;Nicola Vargiu;;
A032;KB00542;14/08/2026;17/08/2026;3;2;4;0;4;0;ES;Airbnb;AI-682789;Confermata;646,16;561,16;30,00;55,00;92,42;Sì;Nicola Vargiu;;
A032;KB00543;17/08/2026;23/08/2026;6;2;2;0;2;0;CH;Airbnb;AI-846420;Confermata;1201,72;1091,72;30,00;80,00;175,76;Sì;Nicola Vargiu;;
A032;KB00544;26/08/2026;31/08/2026;5;2;1;0;1;0;DE;Airbnb;AI-596249;Confermata;869,79;802,29;12,50;55,00;128,59;Sì;Nicola Vargiu;;
A033;KB00545;03/06/2026;08/06/2026;5;1;3;2;1;2;IT;Airbnb;AI-430876;Confermata;670,85;625,85;0,00;45,00;100,63;Sì;Beatrice Onnis;;
A033;KB00546;08/06/2026;15/06/2026;7;1;3;0;3;0;IT;Airbnb;AI-396745;Confermata;1075,63;953,13;52,50;70,00;153,47;Sì;Beatrice Onnis;;
A033;KB00547;15/06/2026;18/06/2026;3;1;2;0;2;0;ES;Airbnb;AI-680238;Annullata;418,08;403,08;15,00;0,00;60,46;Sì;Beatrice Onnis;;
A033;KB00548;20/06/2026;27/06/2026;7;1;1;0;1;0;IT;Booking.com;BO-561865;Confermata;899,29;821,79;17,50;60,00;158,72;Sì;Beatrice Onnis;;
A033;KB00549;29/06/2026;02/07/2026;3;1;1;0;1;0;IT;Airbnb;AI-760021;Confermata;434,87;357,37;7,50;70,00;64,11;Sì;Beatrice Onnis;;
A033;KB00550;02/07/2026;05/07/2026;3;1;1;0;1;0;ES;Booking.com;BO-735770;Confermata;442,70;375,20;7,50;60,00;78,34;Sì;Beatrice Onnis;;
A033;KB00551;09/07/2026;15/07/2026;6;1;1;0;1;0;CH;Booking.com;BO-420214;Confermata;863,33;788,33;15,00;60,00;152,70;Sì;Beatrice Onnis;;
A033;KB00552;19/07/2026;25/07/2026;6;1;1;0;1;0;US;Booking.com;BO-185131;Confermata;837,52;742,52;15,00;80,00;148,05;Sì;Beatrice Onnis;;
A033;KB00553;26/07/2026;29/07/2026;3;1;1;0;1;0;GB;Booking.com;BO-134225;Annullata;457,42;394,92;7,50;55,00;80,99;Sì;Beatrice Onnis;;
A033;KB00554;30/07/2026;03/08/2026;4;1;3;0;3;0;IT;Booking.com;BO-755420;Annullata;618,35;498,35;30,00;90,00;105,90;Sì;Beatrice Onnis;;
A033;KB00555;07/08/2026;14/08/2026;7;1;1;0;1;0;DE;Airbnb;AI-162535;Confermata;1043,16;1025,66;17,50;0,00;153,85;Sì;Beatrice Onnis;;
A033;KB00556;15/08/2026;19/08/2026;4;1;3;2;1;2;IT;Diretto;DI-624783;Confermata;622,53;557,53;10,00;55,00;0,00;No;Beatrice Onnis;;
A033;KB00557;23/08/2026;28/08/2026;5;1;2;0;2;0;CH;Booking.com;BO-807053;Confermata;728,10;683,10;0,00;45,00;131,06;Sì;Beatrice Onnis;;
A034;KB00558;03/06/2026;09/06/2026;6;1;1;0;1;0;GB;Booking.com;BO-713762;Confermata;1048,48;988,48;15,00;45,00;186,03;Sì;Beatrice Onnis;;
A034;KB00559;12/06/2026;19/06/2026;7;1;2;0;2;0;CH;Booking.com;BO-531641;Confermata;1248,27;1158,27;35,00;55,00;218,39;Sì;Beatrice Onnis;;
A034;KB00560;22/06/2026;26/06/2026;4;1;3;1;2;1;NL;Booking.com;BO-523808;Confermata;716,75;606,75;20,00;90,00;125,41;Sì;Beatrice Onnis;;
A034;KB00561;30/06/2026;02/07/2026;2;1;3;2;1;2;NL;Booking.com;BO-563513;Confermata;392,04;307,04;5,00;80,00;69,67;Sì;Beatrice Onnis;;
A034;KB00562;02/07/2026;05/07/2026;3;1;2;2;0;2;ES;Airbnb;AI-738448;Confermata;579,67;499,67;0,00;80,00;86,95;Sì;Beatrice Onnis;;
A034;KB00563;06/07/2026;13/07/2026;7;1;1;0;1;0;NL;Airbnb;AI-583863;Confermata;1019,28;1001,78;17,50;0,00;150,27;Sì;Beatrice Onnis;;
A034;KB00564;13/07/2026;20/07/2026;7;1;1;0;1;0;ES;Booking.com;BO-355570;Confermata;1128,17;1050,67;17,50;60,00;199,92;Sì;Beatrice Onnis;;
A034;KB00565;23/07/2026;29/07/2026;6;1;1;0;1;0;GB;Airbnb;AI-456385;Confermata;976,23;901,23;15,00;60,00;144,18;Sì;Beatrice Onnis;;
A034;KB00566;02/08/2026;06/08/2026;4;1;1;0;1;0;ES;Airbnb;AI-255813;Confermata;747,89;647,89;10,00;90,00;110,68;Sì;Beatrice Onnis;;
A034;KB00567;09/08/2026;15/08/2026;6;1;2;0;2;0;CH;Airbnb;AI-350405;Confermata;1021,81;911,81;30,00;80,00;148,77;Sì;Beatrice Onnis;;
A034;KB00568;19/08/2026;24/08/2026;5;1;1;0;1;0;CH;Diretto;DI-499749;Annullata;944,29;841,79;12,50;90,00;0,00;No;Beatrice Onnis;;
A035;KB00569;02/06/2026;07/06/2026;5;2;1;0;1;0;FR;Airbnb;AI-579123;Confermata;1033,27;950,77;12,50;70,00;153,12;Sì;Fabio Contini;;
A035;KB00570;07/06/2026;14/06/2026;7;2;2;1;1;1;GB;Diretto;DI-826353;Annullata;1391,00;1303,50;17,50;70,00;0,00;No;Fabio Contini;;
A035;KB00571;17/06/2026;24/06/2026;7;2;1;0;1;0;CH;Diretto;DI-667296;Confermata;1334,97;1257,47;17,50;60,00;0,00;No;Fabio Contini;;
A035;KB00572;24/06/2026;30/06/2026;6;2;1;0;1;0;ES;Airbnb;AI-897305;Confermata;1123,43;1108,43;15,00;0,00;166,26;Sì;Fabio Contini;;
A035;KB00573;30/06/2026;05/07/2026;5;2;2;0;2;0;NL;Diretto;DI-252640;Confermata;861,93;776,93;25,00;60,00;0,00;No;Fabio Contini;;
A035;KB00574;06/07/2026;12/07/2026;6;2;4;2;2;2;GB;Booking.com;BO-816318;Confermata;1038,14;938,14;30,00;70,00;181,47;Sì;Fabio Contini;;
A035;KB00575;13/07/2026;18/07/2026;5;2;2;0;2;0;ES;Booking.com;BO-401603;Confermata;991,70;906,70;25,00;60,00;174,01;Sì;Fabio Contini;;
A035;KB00576;22/07/2026;25/07/2026;3;2;1;0;1;0;FR;Airbnb;AI-362246;Confermata;584,64;497,14;7,50;80,00;86,57;Sì;Fabio Contini;;
A035;KB00577;28/07/2026;01/08/2026;4;2;2;1;1;1;US;Diretto;DI-409571;Confermata;799,23;709,23;10,00;80,00;0,00;No;Fabio Contini;;
A035;KB00578;01/08/2026;08/08/2026;7;2;4;0;4;0;NL;Airbnb;AI-913423;Confermata;1417,69;1292,69;70,00;55,00;202,15;Sì;Fabio Contini;;
A035;KB00579;09/08/2026;15/08/2026;6;2;3;0;3;0;ES;Booking.com;BO-243423;Confermata;1236,84;1101,84;45,00;90,00;214,53;Sì;Fabio Contini;;
A035;KB00580;15/08/2026;22/08/2026;7;2;1;0;1;0;IT;Airbnb;AI-442589;Annullata;1234,55;1179,55;0,00;55,00;185,18;Sì;Fabio Contini;;
A035;KB00581;25/08/2026;28/08/2026;3;2;2;0;2;0;FR;Booking.com;BO-964749;Confermata;645,47;575,47;15,00;55,00;113,48;Sì;Fabio Contini;;
A036;KB00582;01/06/2026;06/06/2026;5;1;1;0;1;0;DE;Airbnb;AI-943671;Confermata;870,05;767,55;12,50;90,00;128,63;Sì;Fabio Contini;;
A036;KB00583;10/06/2026;14/06/2026;4;1;1;0;1;0;NL;Booking.com;BO-805000;Confermata;618,75;528,75;10,00;80,00;109,58;Sì;Fabio Contini;;
A036;KB00584;16/06/2026;22/06/2026;6;1;2;0;2;0;DE;Airbnb;AI-739717;Confermata;983,76;898,76;30,00;55,00;143,06;Sì;Fabio Contini;;
A036;KB00585;23/06/2026;30/06/2026;7;1;1;0;1;0;IT;Booking.com;BO-147549;Confermata;1032,19;969,69;17,50;45,00;182,64;Sì;Fabio Contini;;
A036;KB00586;30/06/2026;04/07/2026;4;1;2;0;2;0;GB;Airbnb;AI-666432;Confermata;663,88;563,88;20,00;80,00;96,58;Sì;Fabio Contini;;
A036;KB00587;07/07/2026;13/07/2026;6;1;3;0;3;0;US;Diretto;DI-134305;Confermata;997,93;897,93;45,00;55,00;0,00;No;Fabio Contini;;
A036;KB00588;15/07/2026;18/07/2026;3;1;2;1;1;1;FR;Diretto;DI-476096;Confermata;543,92;456,42;7,50;80,00;0,00;No;Fabio Contini;;
A036;KB00589;18/07/2026;23/07/2026;5;1;2;0;2;0;IT;Diretto;DI-153035;Confermata;701,65;676,65;25,00;0,00;0,00;No;Fabio Contini;;
A036;KB00590;25/07/2026;28/07/2026;3;1;1;0;1;0;DE;Booking.com;BO-952547;Annullata;517,39;464,89;7,50;45,00;91,78;Sì;Fabio Contini;;
A036;KB00591;29/07/2026;02/08/2026;4;1;1;0;1;0;NL;Booking.com;BO-362829;Confermata;730,93;650,93;10,00;70,00;129,77;Sì;Fabio Contini;;
A036;KB00592;03/08/2026;05/08/2026;2;1;3;0;3;0;FR;Airbnb;AI-378258;Confermata;332,49;272,49;15,00;45,00;47,62;Sì;Fabio Contini;;
A036;KB00593;05/08/2026;08/08/2026;3;1;3;1;2;1;US;Booking.com;BO-573962;Confermata;481,26;466,26;15,00;0,00;83,93;Sì;Fabio Contini;;
A036;KB00594;12/08/2026;15/08/2026;3;1;3;0;3;0;ES;Booking.com;BO-988456;Confermata;546,07;486,07;0,00;60,00;98,29;Sì;Fabio Contini;;
A036;KB00595;18/08/2026;23/08/2026;5;1;3;0;3;0;IT;Booking.com;BO-232321;Annullata;690,84;653,34;37,50;0,00;117,60;Sì;Fabio Contini;;
A036;KB00596;25/08/2026;31/08/2026;6;1;3;2;1;2;FR;Booking.com;BO-734836;Confermata;979,04;894,04;15,00;70,00;173,53;Sì;Fabio Contini;;
A037;KB00597;01/06/2026;08/06/2026;7;3;5;0;5;0;DE;Airbnb;AI-199704;Confermata;1500,15;1332,65;87,50;80,00;211,90;Sì;Rossi Gianluca;;
A037;KB00598;10/06/2026;15/06/2026;5;3;3;0;3;0;GB;Airbnb;AI-197758;Confermata;875,97;875,97;0,00;0,00;131,40;Sì;Rossi Gianluca;;
A037;KB00599;18/06/2026;20/06/2026;2;3;3;0;3;0;FR;Booking.com;BO-543481;Confermata;449,93;344,93;15,00;90,00;78,29;Sì;Rossi Gianluca;;
A037;KB00600;20/06/2026;24/06/2026;4;3;5;0;5;0;DE;Airbnb;AI-986438;Confermata;807,14;702,14;50,00;55,00;113,57;Sì;Rossi Gianluca;;
A037;KB00601;28/06/2026;02/07/2026;4;3;1;0;1;0;DE;Booking.com;BO-751924;Confermata;864,57;764,57;10,00;90,00;153,82;Sì;Rossi Gianluca;;
A037;KB00602;06/07/2026;13/07/2026;7;3;5;0;5;0;ES;Booking.com;BO-468074;Annullata;1308,35;1165,85;87,50;55,00;219,75;Sì;Rossi Gianluca;;
A037;KB00603;13/07/2026;16/07/2026;3;3;2;2;0;2;US;Booking.com;BO-656251;Confermata;626,08;546,08;0,00;80,00;112,69;Sì;Rossi Gianluca;;
A037;KB00604;17/07/2026;22/07/2026;5;3;4;1;3;1;FR;Airbnb;AI-189083;Confermata;951,24;843,74;37,50;70,00;137,06;Sì;Rossi Gianluca;;
A037;KB00605;22/07/2026;25/07/2026;3;3;2;2;0;2;US;Airbnb;AI-534303;Confermata;609,79;549,79;0,00;60,00;91,47;Sì;Rossi Gianluca;;
A037;KB00606;27/07/2026;30/07/2026;3;3;5;0;5;0;US;Airbnb;AI-423401;Confermata;669,42;551,92;37,50;80,00;94,79;Sì;Rossi Gianluca;;
A037;KB00607;30/07/2026;02/08/2026;3;3;4;2;2;2;DE;Airbnb;AI-403507;Confermata;546,65;491,65;0,00;55,00;82,00;Sì;Rossi Gianluca;;
A037;KB00608;04/08/2026;06/08/2026;2;3;1;0;1;0;CH;Booking.com;BO-685864;Confermata;417,30;342,30;5,00;70,00;74,21;Sì;Rossi Gianluca;;
A037;KB00609;08/08/2026;10/08/2026;2;3;4;0;4;0;IT;Airbnb;AI-524068;Confermata;473,74;383,74;20,00;70,00;68,06;Sì;Rossi Gianluca;;
A037;KB00610;13/08/2026;17/08/2026;4;3;1;0;1;0;FR;Airbnb;AI-479430;Confermata;872,19;782,19;10,00;80,00;129,33;Sì;Rossi Gianluca;;
A037;KB00611;17/08/2026;22/08/2026;5;3;1;0;1;0;CH;Airbnb;AI-332335;Confermata;926,59;859,09;12,50;55,00;137,11;Sì;Rossi Gianluca;;
A038;KB00612;01/06/2026;07/06/2026;6;1;3;0;3;0;DE;Booking.com;BO-776796;Confermata;822,19;687,19;45,00;90,00;139,89;Sì;;;
A038;KB00613;08/06/2026;11/06/2026;3;1;1;0;1;0;DE;Airbnb;AI-285751;Confermata;334,00;326,50;7,50;0,00;48,98;Sì;;;
A038;KB00614;14/06/2026;19/06/2026;5;1;3;2;1;2;FR;Airbnb;AI-591699;Confermata;625,45;612,95;12,50;0,00;91,94;Sì;;;
A038;KB00615;22/06/2026;29/06/2026;7;1;2;0;2;0;FR;Booking.com;BO-486649;Confermata;828,81;793,81;35,00;0,00;142,89;Sì;;;
A038;KB00616;01/07/2026;03/07/2026;2;1;3;0;3;0;CH;Booking.com;BO-571579;Confermata;255,95;240,95;15,00;0,00;43,37;Sì;;;
A038;KB00617;07/07/2026;14/07/2026;7;1;1;0;1;0;IT;Airbnb;AI-978053;Confermata;1032,72;925,22;17,50;90,00;152,28;Sì;;;
A038;KB00618;16/07/2026;23/07/2026;7;1;1;0;1;0;GB;Booking.com;BO-648141;Annullata;961,95;874,45;17,50;70,00;170,00;Sì;;;
A038;KB00619;27/07/2026;30/07/2026;3;1;2;0;2;0;CH;Diretto;DI-761532;Confermata;447,64;342,64;15,00;90,00;0,00;No;;;
A038;KB00620;01/08/2026;03/08/2026;2;1;2;0;2;0;CH;Booking.com;BO-257677;Confermata;330,78;250,78;10,00;70,00;57,74;Sì;;;
A038;KB00621;05/08/2026;07/08/2026;2;1;3;0;3;0;ES;Diretto;DI-843266;Confermata;334,31;249,31;15,00;70,00;0,00;No;;;
A038;KB00622;07/08/2026;11/08/2026;4;1;3;1;2;1;FR;Booking.com;BO-818709;Confermata;595,33;495,33;20,00;80,00;103,56;Sì;;;
A038;KB00623;15/08/2026;17/08/2026;2;1;3;1;2;1;NL;Booking.com;BO-609892;Confermata;319,26;219,26;10,00;90,00;55,67;Sì;;;
A038;KB00624;18/08/2026;21/08/2026;3;1;1;0;1;0;ES;Airbnb;AI-874524;Confermata;419,50;322,00;7,50;90,00;61,80;Sì;;;
A038;KB00625;25/08/2026;27/08/2026;2;1;3;0;3;0;GB;Diretto;DI-908554;Confermata;312,75;217,75;15,00;80,00;0,00;No;;;
A039;KB00626;01/06/2026;06/06/2026;5;1;2;0;2;0;ES;Diretto;DI-424500;Confermata;842,64;772,64;25,00;45,00;0,00;No;;;
A039;KB00627;09/06/2026;12/06/2026;3;1;2;2;0;2;IT;Diretto;DI-269930;Confermata;522,99;462,99;0,00;60,00;0,00;No;;;
A039;KB00628;13/06/2026;19/06/2026;6;1;1;0;1;0;NL;Diretto;DI-845957;Confermata;961,28;946,28;15,00;0,00;0,00;No;;;
A039;KB00629;23/06/2026;25/06/2026;2;1;2;0;2;0;ES;Booking.com;BO-332823;Confermata;299,99;289,99;10,00;0,00;52,20;Sì;;;
A039;KB00630;28/06/2026;02/07/2026;4;1;1;0;1;0;CH;Airbnb;AI-335445;Confermata;605,84;540,84;10,00;55,00;89,38;Sì;;;
A039;KB00631;02/07/2026;06/07/2026;4;1;1;0;1;0;FR;Booking.com;BO-595404;Confermata;627,00;527,00;10,00;90,00;111,06;Sì;;;
A039;KB00632;07/07/2026;14/07/2026;7;1;2;1;1;1;US;Booking.com;BO-738457;Annullata;1021,51;941,51;0,00;80,00;183,87;Sì;;;
A039;KB00633;18/07/2026;23/07/2026;5;1;1;0;1;0;DE;Booking.com;BO-753064;Confermata;745,42;642,92;12,50;90,00;131,93;Sì;;;
A039;KB00634;26/07/2026;28/07/2026;2;1;1;0;1;0;IT;Booking.com;BO-853448;Confermata;304,96;254,96;5,00;45,00;53,99;Sì;;;
A039;KB00635;29/07/2026;02/08/2026;4;1;2;0;2;0;DE;Booking.com;BO-478120;Confermata;624,01;534,01;20,00;70,00;108,72;Sì;;;
A039;KB00636;02/08/2026;08/08/2026;6;1;3;2;1;2;NL;Booking.com;BO-365971;Confermata;930,83;860,83;15,00;55,00;164,85;Sì;;;
A039;KB00637;08/08/2026;12/08/2026;4;1;1;0;1;0;US;Airbnb;AI-469412;Confermata;621,26;611,26;10,00;0,00;91,69;Sì;;;
A039;KB00638;16/08/2026;20/08/2026;4;1;3;0;3;0;IT;Booking.com;BO-166165;Confermata;650,07;575,07;30,00;45,00;111,61;Sì;;;
A039;KB00639;23/08/2026;25/08/2026;2;1;2;0;2;0;DE;Airbnb;AI-955015;Confermata;346,05;276,05;10,00;60,00;50,41;Sì;;;
A040;KB00640;02/06/2026;06/06/2026;4;2;3;0;3;0;FR;Diretto;DI-879414;Confermata;688,31;598,31;30,00;60,00;0,00;No;;;
A040;KB00641;09/06/2026;14/06/2026;5;2;3;0;3;0;IT;Booking.com;BO-862400;Confermata;785,04;747,54;37,50;0,00;134,56;Sì;;;
A040;KB00642;17/06/2026;19/06/2026;2;2;4;2;2;2;GB;Diretto;DI-410000;Confermata;346,64;266,64;0,00;80,00;0,00;No;;;
A040;KB00643;21/06/2026;26/06/2026;5;2;4;0;4;0;FR;Booking.com;BO-556068;Confermata;855,56;735,56;50,00;70,00;145,00;Sì;;;
A040;KB00644;28/06/2026;05/07/2026;7;2;1;0;1;0;CH;Airbnb;AI-249715;Confermata;1064,96;1047,46;17,50;0,00;157,12;Sì;;;
A040;KB00645;09/07/2026;16/07/2026;7;2;4;0;4;0;DE;Airbnb;AI-133958;Confermata;1083,99;943,99;70,00;70,00;152,10;Sì;;;
A040;KB00646;20/07/2026;23/07/2026;3;2;4;0;4;0;US;Airbnb;AI-392227;Confermata;531,20;421,20;30,00;80,00;75,18;Sì;;;
A040;KB00647;24/07/2026;26/07/2026;2;2;1;0;1;0;IT;Booking.com;BO-372933;Confermata;396,92;306,92;0,00;90,00;71,45;Sì;;;
A040;KB00648;29/07/2026;01/08/2026;3;2;3;1;2;1;GB;Airbnb;AI-192055;Confermata;488,31;413,31;15,00;60,00;71,00;Sì;;;
A040;KB00649;03/08/2026;10/08/2026;7;2;3;0;3;0;ES;Booking.com;BO-768676;Confermata;1191,92;1059,42;52,50;80,00;205,10;Sì;;;
A040;KB00650;11/08/2026;15/08/2026;4;2;2;0;2;0;GB;Diretto;DI-486831;Confermata;646,79;556,79;20,00;70,00;0,00;No;;;
A040;KB00651;18/08/2026;24/08/2026;6;2;2;2;0;2;US;Diretto;DI-530749;Confermata;1008,32;938,32;0,00;70,00;0,00;No;;;
